Safety_Score,Days_Since_Inspection,Total_Safety_Complaints,Control_Metric,Turbulence_In_gforces,Cabin_Temperature,Accident_Type_Code,Max_Elevation,Violations,Adverse_Weather_Metric,Accident_ID
75.2054794520548,9,1,51.3673655423883,0.480556076451497,79.78,7,38720.4523704446,2,0.00370085096690646,2476
51.2785388127854,10,3,69.0975387420237,0.203960331770645,79.52,3,29653.0076799262,2,0.14794422081512,2483
54.1095890410959,16,6,61.2123974475843,0.491014064190407,78.5,7,19804.4945726575,1,0.00165483628932035,2485
34.8401826484018,11,3,84.5487693710119,0.319358817165525,81.21,4,13945.5728661169,2,0.0239111241412259,2488
29.1780821917808,13,1,74.7948951686418,0.399055896141363,80.55,3,45972.6225379351,2,0.226944244078988,2492
42.6027397260274,9,1,63.947128532361,0.306737107825459,81.86,7,40724.08357913,1,0.00340154797161233,2494
20.1826484018265,19,17,82.2242479489517,0.43619978362784,86.43,3,37011.9975236405,1,0.184826859556648,2504
58.4474885844749,11,2,69.5989061075661,0.32116191849982,82.14,2,30873.5400218181,2,0.417407395915758,2510
36.3926940639269,14,11,62.4430264357338,0.403022719076812,79.86,3,42590.7293799753,0,0.212242280799508,2516
39.3607305936073,17,5,67.4111212397448,0.24543166245943,78.64,2,30282.3332732737,1,0.412493537274305,2517
32.8310502283105,19,0,48.7237921604376,0.508684457266498,77.4,2,30701.4903580148,2,0.416213586048541,2519
56.9406392694064,8,6,52.0966271649954,0.494259646592138,80.17,4,36421.5736321992,1,0.0667522739749065,2527
38.3561643835616,17,3,59.2980856882407,0.336668589974756,80.2,2,27292.0013448462,3,0.368581314855344,2529
68.7671232876712,8,15,61.6226071103008,0.532124774612333,78.67,1,25274.8444652899,1,0.920195563410704,2540
51.5981735159817,13,13,65.5423883318141,0.344962856112513,85.25,2,57329.6806139297,2,0.736627401114748,2546
38.7671232876712,17,2,71.6955332725615,0.287624233681933,77.96,1,15487.6701714345,2,0.569124611333397,2553
52.6027397260274,13,4,44.7584320875114,0.591627118644068,79.89,6,33766.1821180728,1,0.00850211736171401,2554
28.7671232876712,13,2,52.7803099361896,0.304573386224305,77.92,4,23677.7812480234,1,0.044082859659204,2558
42.4657534246575,8,12,39.8814949863264,0.745972592859718,79.56,1,37945.7802513522,1,1.38929549655495,2572
28.9041095890411,13,4,68.7329079307201,0.414923187883159,86.96,4,26548.8926588994,4,0.0485064756050535,2585
39.2694063926941,13,0,72.151321786691,0.386794807068157,79.86,6,24530.3568280106,2,0.00625706195449091,2587
61.8721461187214,13,13,66.362807657247,0.306376487558601,84.11,7,39352.599729106,2,0.0037116395140295,2597
61.324200913242,10,1,63.6736554238833,0.568547421565092,77.39,3,38281.2923716348,2,0.191426209105848,2599
46.8493150684931,7,4,72.8350045578852,0.406268301478543,78.61,4,39274.9908549468,2,0.0714234557381285,2600
67.4885844748858,12,3,69.644484958979,0.33161990623873,84.64,4,38050.4413138882,2,0.0697014282624186,2601
48.9954337899543,10,6,45.2142206016409,0.63742589253516,78.61,3,29067.5618479554,2,0.145739058712404,2608
76.1187214611872,6,29,65.0865998176846,0.399055896141363,76.18,3,20840.1406950997,2,0.10327499608172,2613
45.0684931506849,11,28,57.1558796718323,0.438002884962135,80.66,3,21422.786802028,2,0.105892406693153,2616
59.0867579908676,11,2,69.3710118505014,0.337389830508475,81.99,2,27975.799439279,2,0.376624807462405,2619
51.0502283105023,13,4,64.7219690063811,0.403022719076812,77.1,2,47115.2998284055,1,0.637457086688145,2620
56.6666666666667,11,20,64.0838650865998,0.339192931842769,87.89,1,32399.6135622625,3,1.19791027164218,2621
41.4611872146119,16,6,73.9288969917958,0.409513883880274,76.79,7,38974.5353195698,2,0.00373408886789247,2622
33.3333333333333,15,2,63.6736554238833,0.448460872701046,77.44,5,30175.0468331215,3,0.0203538907847209,2623
76.6666666666667,6,0,89.2433910665451,0.231367472051929,81.24,3,36027.8612723001,2,0.179167188626676,2634
17.8538812785388,16,3,58.6144029170465,0.589824017309773,77.65,1,34719.0376653958,2,1.27724201743561,2636
42.4200913242009,12,11,40.0638103919782,0.433314821492968,80.85,3,30810.90656482,2,0.152942206224691,2640
16.4840182648402,17,3,43.5278030993619,0.47911359538406,79.67,4,21448.4685538939,1,0.0398260252450034,2643
31.4155251141552,12,0,80.6745670009116,0.228843130183916,79.83,1,25520.9245281417,2,0.937147430771286,2646
22.6027397260274,15,15,65.3600729261623,0.351093400649116,78.63,7,39792.6226383172,3,0.00350125038929014,2651
38.0821917808219,13,13,58.3865086599818,0.475507392715471,75.97,3,49341.2232208618,2,0.245772497194811,2653
39.2694063926941,10,1,89.2433910665451,0.203599711503786,79.41,4,38002.0354296264,1,0.0697843616372638,2654
67.5342465753425,11,9,65.2233363719235,0.348569058781104,81.31,4,12204.9766049494,3,0.0220243693545426,2657
82.5114155251141,8,19,80.9936189608022,0.298803461954562,88.71,1,39297.9986348867,2,1.44536961228918,2658
57.0776255707762,11,39,58.4776663628077,0.459640100973675,78.1,5,45751.9834127951,3,0.0318246854752331,2664
46.027397260274,8,20,77.3473108477666,0.269953840605842,80.09,4,39024.0290886163,2,0.0718018696549619,2667
38.7671232876712,13,30,68.6873290793072,0.255168409664623,87.74,6,38524.3318943146,2,0.0102595489014044,2668
54.5205479452055,12,1,87.693710118505,0.277526866209881,76.18,5,37253.905366837,4,0.0240955544858232,2680
64.337899543379,9,6,73.6554238833182,0.391122250270465,78.56,5,20761.9844156144,3,0.0145494650084558,2682
30.6849315068493,16,0,84.8678213309025,0.220548864046159,78.84,5,37623.173029289,1,0.0247676822190147,2692
22.9223744292237,15,0,67.4567000911577,0.304573386224305,84.21,3,40212.040303841,3,0.202628386150138,2693
22.7853881278539,15,6,57.9762989972653,0.448100252434187,77.51,1,40593.9088572889,3,1.48688205532261,2695
16.1187214611872,17,2,51.5952597994531,0.422496213487198,78.34,4,52319.1662876134,3,0.0966690299438388,2697
39.4520547945205,10,0,49.4530537830446,0.491014064190407,79.89,1,34614.4498220279,2,1.27950242269574,2698
38.0365296803653,17,6,71.7411121239745,0.36768193292463,76.62,1,23171.5450883006,2,0.849133433713455,2703
47.9908675799087,11,6,66.9097538742024,0.450263974035341,82.69,2,32421.594783696,1,0.439042374653745,2718
54.8401826484018,5,3,80.6745670009116,0.264183916336098,78.01,4,31213.7522212017,3,0.0568549273049757,2728
33.0593607305936,12,1,62.0328167730173,0.42538117562207,77.78,1,24605.471319083,2,0.898387825256726,2729
20.8675799086758,19,2,77.3473108477666,0.272117562206996,76.63,3,24272.0591078432,2,0.120446192106227,2736
45.5251141552511,15,14,60.8021877848678,0.510848178867652,82.46,5,47228.6417701645,3,0.0313413182141018,2737
37.2146118721461,14,35,74.5214220601641,0.531042913811756,82.13,6,47228.6417701645,3,0.0119400602625915,2738
39.8173515981735,9,0,80.9936189608022,0.362633249188604,78.7,4,25934.1184942047,2,0.0473518699492426,2739
38.2191780821918,13,2,48.2680036463081,0.510848178867652,77.95,4,35380.6350123692,3,0.0648203926610396,2746
29.7716894977169,12,0,78.1221513217867,0.283657410746484,79.16,4,51844.9407708145,1,0.0949573213366051,2750
51.1872146118721,10,11,77.1194165907019,0.465049404976559,85.08,3,15414.0990178963,3,0.0784881253243107,2755
28.2648401826484,13,0,56.9279854147676,0.330538045438154,79.71,5,42176.9222862854,3,0.0288232028739526,2764
51.324200913242,13,3,53.0993618960802,0.322604399567255,77.92,2,37249.520086068,2,0.50630490065634,2767
40.8219178082192,9,12,54.0565177757521,0.621197980526505,80.91,4,45701.7414856338,1,0.0827923767001147,2769
45.0228310502283,19,0,44.1659070191431,0.59415146051208,79.58,7,24122.8234182072,1,0.00239474352382663,2772
53.1963470319635,16,4,53.6918869644485,0.488129102055535,84.4,4,33055.491886596,1,0.0602230539580057,2777
36.1187214611872,11,14,54.922515952598,0.395089073205914,86.13,4,34715.2361473509,2,0.0630468196657716,2778
37.7625570776256,10,10,74.9772105742936,0.251922827262892,77.65,4,43023.0169934209,1,0.0792995204396203,2779
68.0365296803653,12,35,72.6526891522334,0.296639740353408,87.05,7,32861.2768383276,1,0.00311549295347341,2780
35.5251141552511,14,5,62.0783956244303,0.512290659935088,79.09,6,39759.0225919132,3,0.00953738716159849,2785
46.1643835616438,11,4,54.7857793983592,0.42177497295348,76.96,3,27569.7208350064,4,0.138310049630407,2793
57.9908675799087,4,2,40.5651777575205,0.445215290299315,75.98,3,23340.3470114836,1,0.117926963967153,2801
47.1232876712329,11,2,72.105742935278,0.315752614496934,77.03,3,30465.0899917416,2,0.15193198627823,2814
35.0684931506849,11,1,60.665451230629,0.395089073205914,82.19,4,29969.7483833104,2,0.0548654683705585,2821
23.3789954337899,14,7,74.7493163172288,0.271396321673278,78.39,4,36804.6806506269,2,0.067847155870399,2828
65.4337899543379,12,15,77.6663628076573,0.298082221420844,76.56,2,36485.4300529179,1,0.494215710204564,2834
44.5205479452055,12,10,56.0164083865087,0.440887847097007,80.55,6,28403.2361107816,1,0.00736580058368986,2844
22.2831050228311,18,8,68.049225159526,0.294115398485395,79.4,4,41118.8206454296,2,0.0747433336035615,2848
42.7853881278539,9,5,57.6116681859617,0.530321673278038,83.56,4,38055.6903779597,1,0.0697014282624186,2850
51.5981735159817,13,12,56.517775752051,0.279690587811035,79.24,2,23734.7847192605,2,0.321668685211402,2852
55.4337899543379,12,1,51.0938924339107,0.375615578795528,80.13,5,31639.1855021958,2,0.0212408510470994,2860
47.5342465753425,11,0,83.8195077484048,0.245792282726289,84.41,3,31976.3514880961,2,0.158930779123098,2861
16.7123287671233,16,5,68.869644484959,0.399777136675081,80.84,1,36960.6585261922,3,1.35970664039441,2864
11.5981735159817,18,0,88.2862351868733,0.215139560043274,76.96,4,25251.2120439666,3,0.0454494695366295,2868
19.1324200913242,16,1,73.0173199635369,0.204320952037505,83.17,4,39449.4928205996,2,0.0726437651961764,2886
28.5844748858447,16,1,68.6417502278943,0.255889650198341,80.55,5,44285.4474341817,1,0.0298117966425456,2887
64.337899543379,9,6,73.6554238833182,0.335947349441038,78.35,5,15414.0990178963,2,0.0108072656643546,2890
34.4292237442922,14,6,65.8614402917047,0.239661738189686,79.47,5,34572.8111190035,2,0.0232332672056418,2892
66.8036529680365,5,1,56.2443026435734,0.271035701406419,80.34,6,37177.3789253251,2,0.00855903849696709,2907
38.3561643835616,14,3,71.0574293527803,0.201435989902632,88.93,3,20970.593544562,3,0.104738442481832,2908
50.9132420091324,10,1,55.6973564266181,0.363715109989181,76.4,3,28318.3291976426,3,0.140626767258425,2909
64.9315068493151,9,0,64.9954421148587,0.393646592138478,83.84,2,37749.2312463216,4,0.510633766071412,2914
45.7534246575342,15,0,71.0574293527803,0.423938694554634,78.63,5,37860.2182562856,2,0.0255737261524189,2917
31.4155251141552,12,10,69.5077484047402,0.37128813559322,78.08,5,28798.0480891183,2,0.0194114223825463,2923
14.703196347032,17,0,50.6381039197812,0.479474215650919,78.13,7,35901.4803701807,3,0.00314344715318344,2924
52.5114155251141,9,0,63.8103919781222,0.48993220338983,77.6,3,30497.8886605549,2,0.15210902545666,2934
22.8767123287671,18,13,66.2716499544212,0.254447169130905,78.52,6,38399.455104896,2,0.0103372525612122,2937
55.7990867579909,8,9,64.1750227894257,0.462525063108547,80.71,4,25859.179796715,2,0.0473081695551362,2945
29.634703196347,16,8,73.3819507748405,0.22379444644789,83.41,3,43306.5874531553,3,0.215610803030912,2948
20.8675799086758,23,7,75.9343664539654,0.325849981968986,81.29,1,25149.775095668,1,0.930418789565146,2950
37.1689497716895,14,14,74.4302643573382,0.364436350522899,80.65,3,31728.6566869053,3,0.156969136447217,2953
52.4657534246575,13,0,43.6645396536007,0.735153984853949,78.4,6,11287.2709778767,2,0.00292043448980012,2955
38.8127853881278,13,1,68.2771194165907,0.335586729174179,79.7,3,38973.1647547029,1,0.19520099345621,2959
34.6575342465753,15,3,68.3226982680037,0.258774612333213,78.8,1,33405.1525639135,1,1.23498218675338,2971
40.3196347031963,13,15,76.9371011850502,0.381746123332131,77.11,5,37862.9199927159,2,0.0258772262906301,2974
5.20547945205479,20,1,65.3144940747493,0.424299314821493,82.91,4,35976.202143689,1,0.0657718263164252,2987
33.8356164383562,11,7,50.7748404740201,0.553401370357014,81.05,4,37524.2542206559,4,0.0682294487333802,2994
50.8675799086758,13,4,62.0783956244303,0.437281644428417,78.67,2,37853.1677471245,2,0.512298964759858,2995
45.7990867579909,15,1,73.6098450319052,0.386073566534439,84.56,5,23921.6874918585,0,0.0155641500919886,3003
35.2054794520548,11,1,79.2160437556974,0.229203750450775,81.21,7,25758.1197982121,4,0.00235387561878495,3013
70.4109589041096,11,14,55.0592525068368,0.474786152181753,83.31,7,33954.1785816129,2,0.00312914051063677,3014
50.2283105022831,10,14,54.9680948040109,0.552680129823296,83.6,3,25800.5889851058,1,0.128131027077609,3015
20.958904109589,15,5,61.3491340018232,0.432954201226109,86.43,4,21564.025038109,4,0.0397720627256488,3028
49.3607305936073,10,3,65.4512306289882,0.311785791561485,80.84,4,30063.6622439764,2,0.0550123319696526,3041
24.7945205479452,14,14,62.0328167730173,0.430429859358096,78.23,4,45004.0013982202,3,0.082036560492673,3053
53.5616438356164,9,1,82.0875113947128,0.228843130183916,76.42,3,28801.5388967117,1,0.142969916949184,3057
67.5342465753425,12,3,78.7602552415679,0.245792282726289,85.61,7,25486.8254567764,2,0.00253163963344349,3059
35.2054794520548,11,0,74.2479489516864,0.326931842769563,78.93,4,41578.7169861032,2,0.0763609776836303,3060
30.1826484018265,12,6,68.4138559708295,0.255168409664623,76.39,1,26837.2171459771,0,0.987183897224711,3069
58.5844748858447,11,5,65.6335460346399,0.540058420483231,79.6,2,11806.5506664532,2,0.155681434906131,3071
50.5936073059361,13,31,69.5989061075661,0.329095564370718,77.05,2,51069.6208704514,2,0.690878232165761,3072
67.6712328767123,12,3,78.7602552415679,0.313228272628922,77.86,2,28658.6331440388,0,0.387233081060035,3082
27.8082191780822,13,5,66.2716499544212,0.298803461954562,81.09,4,14871.6649197146,3,0.0268916646575449,3084
50.365296803653,13,11,66.7730173199635,0.246513523260007,78.2,1,23787.7963047131,0,0.872917276628853,3086
50.4109589041096,10,2,70.3281677301732,0.237137396321673,84.02,6,24386.649921265,2,0.00637514230471722,3098
29.5433789954338,16,7,67.8213309024613,0.395810313739632,81.26,3,37664.9213225571,3,0.187016357171913,3100
24.7945205479452,14,2,38.9699179580674,0.740563288856834,80.47,1,39070.0088044257,1,1.45138366021503,3102
58.0365296803653,11,5,64.0382862351869,0.448460872701046,78.52,2,29784.2743594728,3,0.401309819318027,3110
41.6438356164383,9,2,60.8021877848678,0.2562502704652,77.89,3,41704.7398570703,1,0.208475823050671,3111
61.6438356164383,10,0,83.5460346399271,0.264183916336098,76,2,21526.3242501482,4,0.296854439576655,3118
40.6392694063927,13,0,54.3299908842297,0.204681572304363,80.06,6,27350.1299160024,1,0.0065120821981488,3119
41.3698630136986,9,12,34.8678213309025,0.683945906959971,82.16,1,35305.1741362138,1,1.3002817826989,3125
44.2009132420091,8,2,60.6198723792161,0.485244139920663,77.62,2,30536.5363889344,1,0.411327728495878,3133
51.0958904109589,10,1,52.4156791248861,0.393285971871619,77.48,3,29213.8409826863,2,0.145497843024578,3136
32.1461187214612,12,2,54.147675478578,0.487407861521817,77.69,1,28411.223198046,2,1.04603639301413,3141
56.3013698630137,12,4,82.0419325432999,0.338111071042192,78.95,2,26391.6316884865,2,0.35647718909282,3149
72.648401826484,7,11,65.7247037374658,0.540058420483231,85.09,2,31122.6458475577,3,0.421126243426699,3150
80.5936073059361,8,19,62.5341841385597,0.219467003245582,80.36,2,21384.9501623179,2,0.285471830692875,3155
50.0456621004566,17,0,69.644484958979,0.415644428416877,77.47,7,40657.7633959541,2,0.00361736169989073,3156
31.1872146118721,16,14,65.1321786690975,0.293394157951677,79.21,4,20692.5240026338,2,0.036900366110634,3160
28.8584474885845,16,7,51.1850501367366,0.377418680129823,80.13,4,25131.3222040264,1,0.0462843448938988,3163
40.365296803653,10,7,58.5232452142206,0.304573386224305,80.55,4,27518.7235157539,3,0.0503257845074554,3175
21.3698630136986,15,1,62.1695533272562,0.402301478543094,87.44,5,38457.3958857102,3,0.0264228991050814,3180
63.9269406392694,13,4,57.5205104831358,0.426102416155788,80.07,5,41899.6328628165,3,0.0282456403562167,3188
39.5433789954338,16,7,54.3755697356427,0.467213126577713,78.48,5,33528.5133497288,1,0.0233574044157187,3192
40.6392694063927,13,5,65.9070191431176,0.381746123332131,77.5,3,21725.0436341783,2,0.107222523097217,3193
75.296803652968,5,7,57.5205104831358,0.470819329246303,87.1,6,38242.1306477436,0,0.00967149012379955,3197
61.6438356164383,10,12,85.5970829535096,0.351093400649116,78.4,2,25723.8293580535,3,0.349996580988271,3201
25.8904109589041,14,2,33.9562443026436,0.870025964659213,82.99,2,37920.6754100736,2,0.511578156942097,3204
28.9041095890411,13,4,63.7648131267092,0.348569058781104,77.91,5,42483.5374360881,3,0.0284866706906088,3206
69.9543378995434,8,6,82.1330902461258,0.18088063469167,75.2,2,23278.6288941255,1,0.315041983474647,3210
36.1187214611872,11,6,56.7912488605287,0.522748647673999,80.92,4,38526.0139325097,3,0.0700961253409168,3212
29.1780821917808,13,4,79.535095715588,0.268150739271547,82.38,4,46445.7090961569,0,0.0853014481204111,3216
38.3561643835616,17,10,51.4129443938013,0.556286332491886,79.39,5,54914.7987552472,0,0.0339477574962329,3239
53.8812785388128,12,11,83.4092980856883,0.289066714749369,82.26,5,27550.5913743851,1,0.01851592253734,3240
43.4703196347032,15,0,77.6207839562443,0.362272628921745,80.64,2,54429.8119084636,2,0.77780180254329,3246
47.0319634703196,14,13,85.7793983591614,0.143376126938334,83.32,2,24326.5989895252,4,0.323437570988376,3247
47.4429223744292,11,12,61.2123974475843,0.496423368193292,77.59,4,28555.3581071901,2,0.0521291830682439,3252
44.0182648401826,15,9,76.7092069279854,0.325489361702128,82.09,1,27910.317545628,3,1.02423626637109,3259
36.4383561643836,11,3,70.0091157702826,0.33161990623873,81.86,3,38078.9002634437,2,0.189583681078914,3262
39.1324200913242,10,8,75.9343664539654,0.28149368914533,79.39,4,30843.079330968,0,0.0565389335559622,3264
47.5799086757991,11,10,81.7228805834093,0.29555787955283,79.78,4,34578.1339583837,1,0.0631839152641844,3275
72.4657534246575,10,3,63.9015496809481,0.350732780382257,78.83,7,30049.5696334466,2,0.00283482891951351,3280
29.8630136986301,13,14,66.9097538742024,0.409513883880274,80.75,4,40169.155474508,2,0.0740408460528916,3282
56.2100456621004,15,4,67.4111212397448,0.219827623512441,82.09,6,36191.0322150455,3,0.00851993296409385,3289
32.9223744292237,15,0,71.7866909753874,0.424299314821493,80.67,3,37860.2182562856,2,0.189062380253031,3294
72.1461187214612,10,7,62.2607110300821,0.402301478543094,80.55,7,29171.2113721281,1,0.00260430381110831,3297
42.2374429223744,12,0,58.5232452142206,0.430069239091237,80.72,3,32424.1374289494,1,0.161430274694412,3299
43.7899543378995,12,14,77.073837739289,0.344602235845654,82,6,35974.8217427248,4,0.00850597118339987,3302
14.8401826484018,17,1,54.922515952598,0.47911359538406,77.67,1,33960.5815774007,2,1.25637083671277,3308
48.8127853881278,10,1,68.3226982680037,0.258774612333213,79.56,6,28202.759653544,1,0.0065616041594808,3311
58.1278538812785,11,7,68.915223336372,0.27067508113956,80.84,2,19364.5453914156,1,0.252547764645463,3315
50.7305936073059,13,0,74.5214220601641,0.239301117922827,84.41,2,34007.0176462605,2,0.460234936518916,3317
22.1917808219178,15,1,54.922515952598,0.368763793725207,81.78,4,28203.4891265458,2,0.0517797336074063,3319
49.5890410958904,7,3,76.8915223336372,0.28870609448251,80.5,4,28024.9763079592,2,0.0514893054886112,3326
32.4657534246575,15,6,64.9498632634458,0.458918860439956,80.59,7,23078.0997172158,1,0.00236697142542173,3330
30.8219178082192,16,6,53.281677301732,0.395089073205914,82.03,5,32666.8093913512,1,0.0213514007537023,3331
55.9360730593607,12,0,61.2579762989973,0.444133429498738,80.31,7,44189.1782903536,3,0.00401669100153598,3333
29.2694063926941,16,9,42.0237010027347,0.473704291381176,81.18,2,11344.0221880675,3,0.170460593515575,3337
62.3287671232877,10,0,78.0765724703738,0.268150739271547,83.53,2,34747.0264561264,1,0.470269642848667,3344
41.324200913242,16,2,80.0364630811304,0.321522538766679,85.22,7,14087.1313421428,1,0.000763558904105058,3359
0,21,14,67.4111212397448,0.29591849981969,83.01,7,18802.5910422903,2,0.00189626987285492,3369
67.1232876712329,12,4,71.1941659070192,0.238940497655968,85.61,7,46726.1664377831,2,0.00380218078016251,3372
49.5890410958904,10,38,51.0483135824977,0.377418680129823,82.82,5,44574.0627231152,3,0.0290220099112873,3373
69.7716894977169,7,0,75.7064721969006,0.354699603317706,78.64,5,24792.9284845235,1,0.0167388458320566,3374
32.9223744292237,15,2,78.669097538742,0.298442841687703,78.15,4,42485.506454896,4,0.0779064153544415,3384
38.5844748858447,13,0,63.5824977210575,0.332701767039307,77.8,2,26284.088679362,2,0.355420403084884,3385
78.4474885844749,8,13,63.2634457611668,0.321883159033537,77.05,4,18924.3797701407,2,0.0342021971190433,3395
31.324200913242,19,8,61.485870556062,0.317916336098088,80.54,6,40233.9092796223,2,0.0103372525612122,3399
62.3287671232877,13,4,66.3172288058341,0.456394518571944,82.53,6,41899.6328628165,3,0.00957553756891347,3401
50.7762557077626,10,29,62.2607110300821,0.302770284890011,81.9,3,20692.5240026338,0,0.104245942370754,3406
45.5707762557078,8,8,53.9653600729262,0.510848178867652,79.76,1,23000.0237558642,1,0.846123588623723,3410
55.7534246575342,12,6,63.947128532361,0.394007212405337,78.36,2,28399.8813364871,2,0.383873272536627,3420
57.7625570776256,12,2,57.1558796718323,0.441609087630725,86.43,2,26042.9934430378,2,0.351388022143726,3422
32.4657534246575,15,4,64.9498632634458,0.395810313739632,79.39,6,41851.1444604899,2,0.00989065639241996,3428
44.2009132420091,8,19,85.7793983591614,0.311425171294627,80.22,4,26663.9608352054,1,0.0492519989432694,3431
54.1095890410959,16,3,50.2734731084777,0.319719437432383,78.84,5,37796.2166893699,3,0.0257876732003757,3434
49.5890410958904,10,3,68.5050136736554,0.377418680129823,78.8,3,34501.86147776,2,0.170645148830517,3436
47.5342465753425,17,22,55.6517775752051,0.391482870537324,79.37,5,52015.7944241626,2,0.0362715401061526,3440
26.3470319634703,14,2,55.742935278031,0.319358817165525,79.25,4,37014.2169525702,3,0.0675554068466956,3443
24.3835616438356,18,0,70.464904284412,0.330898665705012,78.78,1,33776.6521906592,1,1.23976926623189,3451
46.8949771689498,18,1,69.644484958979,0.205042192571222,78.62,2,23686.2638900166,1,0.320279884914371,3454
42.3744292237443,12,4,78.3956244302644,0.232088712585647,79.36,6,30586.407239901,1,0.00743860219406398,3455
35.0228310502283,14,1,72.151321786691,0.319358817165525,78.03,3,58976.8520255293,2,0.274062713800626,3456
47.7168949771689,11,6,77.1649954421149,0.242186080057699,80.76,3,31750.404675562,1,0.15654304770818,3462
64.9315068493151,9,9,42.0237010027347,0.754627479264334,79.13,2,33595.0106061457,2,0.456494522760392,3463
42.3287671232877,16,15,72.2424794895169,0.414201947349441,79.49,7,31108.8785742791,2,0.00290491885433484,3464
64.8858447488584,9,5,73.6554238833182,0.334144248106743,84.49,5,15868.4439388883,0,0.0101667407392639,3470
34.8401826484018,14,5,80.4466727438469,0.322965019834114,81.08,6,26266.3679590952,0,0.00689968603583597,3477
41.9178082191781,12,3,39.7447584320875,0.42898737829066,74.74,4,52783.6699929497,1,0.0979063303069243,3485
42.4200913242009,12,15,53.6007292616226,0.477671114316625,83.73,3,19021.9225904626,2,0.0959492507511792,3486
43.607305936073,12,5,82.0419325432999,0.338111071042192,81.79,7,35353.918987519,1,0.00307977328659493,3489
45.9817351598173,11,3,72.3336371923428,0.378139920663541,81.56,3,14632.5824363256,2,0.0753155639194272,3490
33.1050228310502,15,2,51.640838650866,0.51156941940137,80.33,3,29697.5297062335,1,0.148514921002753,3501
22.7853881278539,15,6,46.3536918869645,0.438724125495853,77.16,3,30389.3208866958,1,0.15210902545666,3503
68.2648401826484,12,1,86.5998176845944,0.17366822935449,79.68,4,46540.2467885055,2,0.0853014481204111,3510
6.57534246575342,19,5,71.3764813126709,0.197108546700325,75.25,1,41709.0152758443,1,1.54658153040591,3517
33.6073059360731,18,1,49.6809480401094,0.696206996033177,82.31,1,57545.3968644389,2,2.36537839986842,3518
29.0867579908676,13,11,75.4785779398359,0.301688424089434,88.57,4,27720.6039256864,1,0.0506966465888808,3525
46.986301369863,14,17,83.8195077484048,0.289066714749369,87.79,2,40622.7292936029,2,0.552718044217156,3526
17.7168949771689,16,16,45.5332725615314,0.508684457266498,77.42,2,31355.6134925982,4,0.423848265485375,3530
42.4657534246575,16,10,65.1321786690975,0.356142084385142,77.36,2,39026.4667196472,0,0.529397252616345,3532
66.2100456621004,12,0,75.5241567912489,0.245792282726289,78.74,7,26150.1797214222,2,0.00219345580164505,3546
31.2785388127854,15,2,82.5432999088423,0.174389469888207,81.96,4,34791.7595740731,2,0.0644470101331862,3548
37.8082191780822,14,4,79.3983591613491,0.222351965380454,78.23,3,32547.5858221591,3,0.162085006509895,3568
49.0867579908676,10,0,50.5925250683683,0.411316985214569,80,3,31639.1855021958,1,0.156961862886295,3571
14.5205479452055,17,2,54.922515952598,0.47911359538406,79.35,1,55934.468569702,2,1.97740930519594,3573
46.3470319634703,7,2,72.8350045578852,0.262020194734944,78.61,4,30465.0899917416,3,0.0562028167670757,3577
49.3150684931507,14,10,59.9817684594348,0.335947349441038,79.45,2,57329.6806139297,2,0.775872856375072,3587
58.4474885844749,11,1,74.8860528714676,0.306015867291742,77.75,1,42078.734339079,3,1.53161653510559,3596
51.689497716895,10,1,84.0018231540565,0.2201882437793,78.84,3,36748.2703672973,2,0.183169117908563,3604
82.7853881278539,7,0,64.1750227894257,0.462525063108547,79.82,6,19741.7634970146,1,0.00482966112605034,3606
67.6712328767123,12,3,78.7602552415679,0.312146411828345,79.68,7,39422.7956136891,3,0.00370652232360002,3613
24.3835616438356,14,11,43.8012762078396,0.675651640822214,79.06,3,40671.2750670239,1,0.202521398591503,3620
55.8904109589041,12,0,84.6855059252507,0.184486837360259,80.64,2,39009.0479054176,3,0.524672844334628,3632
30,16,9,39.6991795806746,0.759315542733501,80.19,1,48855.4898240516,2,1.78191383868167,3638
12.648401826484,21,0,70.5560619872379,0.291230436350523,82.07,3,12642.6820151813,2,0.0578625828464421,3640
39.8173515981735,10,3,53.5095715587967,0.245792282726289,78.97,1,23797.3487466829,2,0.872917276628853,3643
46.4840182648402,11,1,66.362807657247,0.331980526505589,84.48,3,43276.564582851,2,0.216076014176458,3644
22.7397260273973,15,7,62.8532360984503,0.288345474215651,82.39,5,20584.3239850503,2,0.0139893150588248,3645
31.8264840182648,12,5,69.5077484047402,0.276084385142445,78.86,1,47572.0590615232,4,1.74851946088815,3648
33.6073059360731,18,12,52.4156791248861,0.427184276956365,80.26,2,39434.2561052846,3,0.534343511507069,3657
34.4292237442922,15,5,62.5797629899727,0.427544897223224,81.58,3,37550.3987735086,1,0.186909000822854,3665
54.7945205479452,12,2,53.5095715587967,0.493899026325279,77.9,3,22169.2085958915,3,0.110134122113543,3670
57.1689497716895,8,3,72.0601640838651,0.380303642264695,76.73,3,27093.5445642043,2,0.134002354033588,3674
44.8401826484018,8,22,60.2096627164996,0.584054093040028,77.62,4,10571.2705834972,3,0.0167141370542601,3686
31.0958904109589,12,25,85.9617137648131,0.257692751532636,78.44,4,21718.0996056764,2,0.039778086972713,3687
42.0091324200913,16,6,81.0391978122151,0.281133068878471,78.46,2,36065.2085271643,2,0.494990146588943,3692