Safety_Score,Days_Since_Inspection,Total_Safety_Complaints,Control_Metric,Turbulence_In_gforces,Cabin_Temperature,Accident_Type_Code,Max_Elevation,Violations,Adverse_Weather_Metric,Accident_ID
31.0958904109589,16,3,64.2206016408387,0.406628921745402,77.9,6,26433.2861366269,2,0.00679482108393518,4862
33.972602739726,11,5,60.8477666362808,0.303852145690588,76.49,1,35012.6011594488,2,1.29301476392542,4869
34.4748858447488,11,8,62.6709206927985,0.454591417237649,80.52,1,42639.1391996363,2,1.55691330768186,4877
26.986301369863,17,2,65.9525979945305,0.422856833754057,78.83,3,22547.1952415476,3,0.111288342389772,4878
45.7534246575342,11,3,81.9051959890611,0.355060223584565,76.87,3,37209.4334568823,3,0.185178267435191,4887
77.3059360730594,2,19,45.5332725615314,0.350011539848539,81.35,2,37455.3411742423,2,0.509916462307991,4892
39.5433789954338,10,5,76.6180492251596,0.283296790479625,78.5,4,26232.9881442637,2,0.0486259930836168,4913
46.8949771689498,7,9,67.18322698268,0.413841327082582,75.35,1,59153.8867394971,1,2.05771410396436,4914
33.972602739726,11,4,63.9015496809481,0.456033898305084,79.31,5,29234.3163901548,2,0.0195516826413514,4926
16.2557077625571,16,6,66.5451230628988,0.250119725928597,81.57,7,23183.5787772982,2,0.00241405163548066,4940
49.3150684931507,14,10,64.3573381950775,0.409874504147133,79.01,2,20299.8059265814,1,0.27379814127354,4944
51.4155251141552,9,1,88.9243391066545,0.276805625676163,82.58,6,35640.0523344145,1,0.00836791646951353,4959
22.2831050228311,18,8,68.049225159526,0.294115398485395,79.4,7,41118.8206454296,1,0.00394519026872028,4966
45.0228310502283,15,1,93.8012762078396,0.18052001442481,86.08,5,30619.787367647,1,0.0195220582116127,4972
41.0958904109589,9,2,69.5077484047402,0.407710782545979,86.58,4,32475.3941981611,2,0.0594145703785473,4978
34.4748858447488,14,13,73.2907930720146,0.337029210241615,79.81,6,20873.140464789,2,0.00537262687292313,4981
45.3424657534247,8,1,69.0063810391978,0.350011539848539,81.53,4,43482.8520757632,0,0.0801631199888322,4985
54.2009132420091,5,0,73.8377392889699,0.364796970789758,78.64,1,37384.6815719843,2,1.38064271264044,4992
74.8401826484018,10,3,62.4886052871468,0.317195095564371,77.66,7,28153.6835624095,1,0.00277805661424645,4998
14.5205479452055,17,1,80.4466727438469,0.281854309412189,76.75,4,27464.488778077,1,0.0497643329463912,5000
36.7579908675799,10,6,65.0865998176846,0.31358889289578,76.04,4,43870.357040907,2,0.0796416216471924,5001
42.4200913242009,12,3,68.049225159526,0.311064551027768,79.46,1,20061.5449045476,4,0.741000085873413,5004
36.4383561643836,10,13,70.4193254329991,0.261659574468085,77.94,4,33767.059427672,2,0.0623374264236487,5005
73.37899543379,6,4,72.0145852324522,0.315752614496934,77.76,7,11939.1489930619,1,0.000367501300988579,5016
54.2465753424657,9,5,62.5341841385597,0.402662098809953,77.98,5,43704.6859749562,3,0.0290220099112873,5020
50,13,1,68.869644484959,0.199632888568337,82.53,4,33523.7023387974,2,0.0615388804407856,5021
30.8219178082192,16,3,57.1558796718323,0.372009376126938,81.72,1,30380.8615154131,2,1.1096272722118,5041
41.6438356164383,9,7,45.4876937101185,0.520945546339704,77.74,1,52118.2696447033,3,1.9173239911716,5045
55.7077625570776,12,21,58.0674567000912,0.437642264695276,79.6,6,32879.763637696,2,0.00817660609152242,5052
43.6986301369863,15,0,68.003646308113,0.362993869455463,76.95,2,32682.9018146972,3,0.443808474464164,5063
46.8036529680365,14,3,50.820419325433,0.596675802380094,83.28,2,45105.8414366345,3,0.613499622606416,5072
33.972602739726,11,14,73.4275296262534,0.222351965380454,79.97,5,31180.8011630734,4,0.0198462668231589,5074
25.2511415525114,17,8,42.616226071103,0.578284168770285,80.53,5,21720.5738257697,3,0.0138046165219183,5080
48.2648401826484,7,8,73.8833181403829,0.370927515326361,75.35,4,35235.688176867,2,0.0641501985769842,5087
36.986301369863,14,4,88.0127620783956,0.226679408582762,77.77,7,43442.145113108,1,0.00394519026872028,5094
40.5936073059361,13,11,71.7866909753874,0.392564731337901,77.11,6,47430.2732035325,2,0.0113283291184958,5099
49.7260273972603,7,0,78.9425706472197,0.316473855030653,77.85,4,28364.6114565323,1,0.0517797336074063,5100
30.1826484018265,12,1,56.8824065633546,0.378139920663541,83.58,3,42442.8852384222,1,0.212462296155184,5109
69.9543378995434,11,5,62.3974475843209,0.317195095564371,79.22,5,28153.6835624095,3,0.0193428547975353,5111
22.0091324200913,15,6,60.6198723792161,0.345323476379372,77.65,4,16360.9637668824,1,0.0290802124759881,5115
25.8904109589041,14,3,62.2607110300821,0.532846015146051,80.47,4,49288.6355066503,3,0.0902752849258249,5117
56.1643835616438,15,0,76.0711030082042,0.520945546339704,81.14,2,33357.8873971167,2,0.449741028719997,5119
37.5799086757991,10,12,67.4111212397448,0.219827623512441,75.55,5,35067.7050829379,1,0.0233909421221586,5125
32.5114155251142,12,10,52.0510483135825,0.51156941940137,77.68,4,41018.7515716556,4,0.0751284641453142,5126
54.2009132420091,12,1,46.3536918869645,0.438724125495853,86.42,3,34210.2043624715,2,0.170794962939637,5127
63.6529680365297,10,1,63.9015496809481,0.277526866209881,81.26,5,19742.2730195278,2,0.0125144123549024,5142
14.4748858447489,17,3,50.6836827711942,0.527076090876307,76.8,1,25614.2995298067,3,0.939602703664536,5149
47.3059360730593,11,1,80.4010938924339,0.218385142445005,78.93,3,32932.7239225323,1,0.163701920410956,5160
53.7899543378995,5,5,80.0364630811304,0.284018031013343,77.87,5,33186.7208096816,1,0.0214331948421762,5163
5.20547945205479,20,1,76.0255241567913,0.388237288135593,76.44,2,25019.9299511302,1,0.338789779896926,5170
45.7534246575342,11,3,82.9079307201459,0.317916336098088,76.87,3,20399.7828161936,3,0.101502669686354,5175
52.1917808219178,9,1,80.0364630811304,0.223433826181031,83.37,1,41910.8098811917,0,1.53031872967095,5184
38.2191780821918,13,2,73.5186873290793,0.388958528669311,78.65,3,19754.5812375961,2,0.0984961040817364,5187
45.5251141552511,11,30,66.9097538742024,0.420332491886044,86.36,6,21422.786802028,3,0.00547710815740949,5189
37.8082191780822,17,16,80.6745670009116,0.370927515326361,80.06,4,31867.7278325233,1,0.0594585122059251,5200
69.8630136986301,8,2,74.6581586144029,0.29591849981969,80.67,5,26328.7717447473,3,0.0170282238071378,5202
69.8173515981735,11,1,61.7137648131267,0.485965380454381,78.64,4,46975.2757673933,3,0.0867404728643644,5203
59.4063926940639,11,6,74.4758432087512,0.234973674720519,78.56,7,19550.4236118066,2,0.00202704825420247,5206
54.5205479452055,8,1,60.0273473108478,0.510848178867652,77.85,3,44244.6291824378,3,0.221832091304771,5218
82.2374429223744,8,14,62.5341841385597,0.345323476379372,77.97,3,53739.5291225594,1,0.264749960840887,5224
61.8721461187214,13,9,74.61257976299,0.233531193653083,80.92,7,36493.1943544014,1,0.00314676670034171,5226
37.5342465753425,10,6,52.5979945305378,0.456033898305084,79.66,4,49341.2232208618,1,0.0897757319620174,5230
53.1963470319635,16,1,82.9535095715588,0.333783627839884,86.96,4,40561.6926747208,3,0.0742913315746002,5231
80.3196347031963,8,13,45.897903372835,0.668078615218175,81.08,4,39488.3014653357,2,0.0722610484320384,5232
36.986301369863,11,6,66.3172288058341,0.547992066354129,81.02,3,15560.247426871,2,0.0804027184598828,5234
57.4429223744292,15,3,67.4567000911577,0.31034331049405,83.81,6,21374.9791131121,2,0.00532697752793188,5239
35.296803652968,14,2,72.5615314494075,0.271035701406419,77.08,3,25722.5280242184,2,0.12870766465902,5244
62.283105022831,10,7,68.2315405651778,0.359027046520014,78.52,3,40406.3063322322,0,0.199929006263749,5245
33.7899543378995,11,2,69.9635369188697,0.314310133429499,76.3,1,34505.254832855,1,1.2684727108881,5246
50.7305936073059,6,6,76.207839562443,0.283296790479625,80.83,7,25359.4443861949,2,0.00229566364108262,5253
34.4292237442922,15,23,59.7538742023701,0.294836639019113,79.99,7,33401.0255544809,1,0.00329735614862781,5262
40.0913242009132,10,0,76.2989972652689,0.411316985214569,78.69,1,34614.4498220279,1,1.27665927889249,5268
39.9086757990868,13,12,62.0783956244303,0.490292823656689,79.33,1,25631.3457142277,2,0.939602703664536,5271
26.4840182648402,13,5,52.3245214220602,0.264183916336098,79.09,1,10975.9360224534,1,0.202495647194575,5275
30.365296803653,16,5,78.2588878760255,0.205402812838081,78.08,6,37623.173029289,3,0.0100127073666848,5277
26.2557077625571,14,30,55.2415679124886,0.510848178867652,83.56,4,23561.2928433379,1,0.0438556546147655,5278
26.3470319634703,20,8,54.876937101185,0.383188604399567,80.6,2,40716.7142099663,1,0.549704567607398,5283
49.1780821917808,14,22,46.9006381039198,0.541140281283808,77.12,2,32441.0873612425,1,0.438933417929691,5284
28.310502283105,13,8,64.4029170464904,0.330898665705012,77.91,2,23407.410999469,2,0.317264638371491,5285
34.9315068493151,11,7,60.8477666362808,0.272117562206996,77.16,2,44465.2719142621,1,0.59741302238325,5288
43.8812785388128,15,0,80.0364630811304,0.333423007573026,82.57,3,31111.5384572407,2,0.153870216557604,5329
24.9315068493151,14,0,55.7885141294439,0.471540569780022,76.07,4,39443.7243295459,2,0.0732355607136367,5336
51.3698630136986,17,6,74.4302643573382,0.283657410746484,79.31,7,28110.1156629368,3,0.00285255260944128,5339
71.5981735159817,3,0,56.3810391978122,0.365878831590335,80.81,2,29984.2358223442,1,0.405598313032733,5340
61.4611872146119,13,25,65.4512306289882,0.422135593220339,86.39,7,15545.1397105911,4,0.000468915793178604,5342
25.1141552511416,14,9,55.4238833181404,0.42177497295348,76.26,7,32624.8226188518,2,0.00332942826290784,5350
38.9041095890411,10,0,54.3299908842297,0.325128741435269,79.22,4,41643.7682906453,1,0.0765664060964708,5359
38.8584474885845,17,2,68.003646308113,0.338471691309052,84.01,7,41724.5687249952,1,0.00407626271729509,5376
39.634703196347,17,8,62.2607110300821,0.427184276956365,79.17,2,54788.2470429217,1,0.775872856375072,5387
63.8356164383562,13,0,52.8258887876026,0.2923122971511,78.98,3,26473.2906962654,4,0.131904150863195,5399
30.958904109589,16,0,70.510483135825,0.324407500901551,82.57,3,32338.7123997491,3,0.159696995800694,5401
39.4520547945205,13,4,77.028258887876,0.299885322755139,78.28,3,46794.8062833652,3,0.230544955045213,5423
50.9132420091324,10,4,55.6973564266181,0.363715109989181,76.95,3,29290.6148321627,4,0.145506162491749,5425
48.7214611872146,18,0,49.2707383773929,0.541140281283808,81.42,7,45332.3027606441,2,0.00387450146087035,5433
19.5433789954338,23,8,66.362807657247,0.42177497295348,78.19,4,31273.8223991224,2,0.05735925500511,5445
35.0228310502283,11,5,48.2224247948952,0.670963577353047,79.49,4,33766.1821180728,2,0.0619950696061957,5451
43.972602739726,12,10,52.1422060164084,0.522748647673999,82.23,3,32044.5563759182,3,0.159286052499828,5452
16.1643835616438,17,3,61.5314494074749,0.294115398485395,80.96,2,39572.9275184445,2,0.536298868768634,5461
46.62100456621,18,0,48.5414767547858,0.407710782545979,83.01,4,36789.6854758482,1,0.0673826594005745,5464
65.662100456621,12,7,49.5897903372835,0.475146772448611,78.1,7,25006.9347613322,3,0.00229566364108262,5465
41.8264840182648,13,1,74.5214220601641,0.328734944103858,79.93,3,37860.2182562856,0,0.188494927474794,5466
43.013698630137,15,1,58.7967183226983,0.514454381536242,77.17,4,23927.7372311182,1,0.043019277175897,5471
28.310502283105,13,12,69.9635369188697,0.226679408582762,81.59,4,22468.653670065,3,0.0409263541820256,5481
49.2237442922374,14,4,79.1248860528715,0.283657410746484,80.84,2,20432.2797281007,3,0.27491300506152,5482
18.310502283105,16,3,57.8395624430264,0.355420843851424,76.79,4,21448.4685538939,1,0.0398597732035959,5485
34.9315068493151,11,7,84.1841385597083,0.198911648034619,81.21,4,30357.9858281984,2,0.0557625104986608,5489
36.0730593607306,11,3,86.918869644485,0.362993869455463,80.65,2,39903.4967278214,0,0.543669818666285,5497
40.7762557077626,16,7,53.0082041932544,0.439805986296429,85.02,2,47423.3860641993,2,0.639740339593806,5505
37.4429223744292,14,0,46.1713764813127,0.675291020555355,79.66,6,44090.8496133004,3,0.0107723140454418,5508
50.365296803653,13,11,69.5989061075661,0.475146772448611,78.67,2,43774.3397181047,1,0.596791289287252,5510
21.7808219178082,15,10,67.5022789425707,0.390401009736747,80.42,4,25988.333507314,2,0.0486259930836168,5519
39.041095890411,10,4,60.2552415679125,0.391843490804183,78.64,5,35320.9454536098,2,0.023547370390478,5531
77.8995433789954,3,14,76.6180492251596,0.237137396321673,78.37,4,32690.6257735184,2,0.0604039658593619,5536
77.9908675799087,8,1,77.5296262534184,0.355060223584565,84.82,7,831.69555342133,5,0.00123451418944082,5537
77.6712328767123,3,8,45.6700091157703,0.514093761269383,77.6,3,25800.5889851058,2,0.128896401917114,5538
18.9041095890411,16,5,70.510483135825,0.247234763793725,74.85,7,28395.0640096999,1,0.00277623993698248,5547
54.5205479452055,9,3,67.7757520510483,0.392564731337901,83.36,3,42528.1341777868,1,0.211029208941677,5554
63.6529680365297,10,0,60.0729261622607,0.406268301478543,76.67,1,27465.7403106422,1,1.0104081196839,5561
27.8538812785388,17,5,62.5341841385597,0.26346267580238,75.05,6,35598.8461311814,1,0.00847670132384697,5563
30.9132420091324,16,0,82.9079307201459,0.396892174540209,82.57,3,31111.5384572407,0,0.154010459654811,5568
45.4337899543379,11,8,89.6536007292616,0.207566534439235,78.24,6,29451.4297513069,2,0.00720792803495963,5573
43.6529680365297,12,1,62.6709206927985,0.425020555355211,84.8,5,9025.60454240942,3,0.00868877979364907,5579
66.2557077625571,12,0,73.3363719234275,0.43259358095925,80.85,7,40677.5102914524,2,0.00362547214117164,5583
19.5433789954338,19,0,56.1531449407475,0.338111071042192,77.85,3,20985.5640745089,1,0.103168421436262,5584
10.6392694063927,18,4,47.9033728350046,0.460000721240533,79.28,2,41045.6940016465,4,0.553503805823988,5586
68.0365296803653,12,5,77.7575205104832,0.185568698160836,80.66,7,21902.9703289169,3,0.00194914579673514,5589
42.4200913242009,12,10,60.665451230629,0.473704291381176,77.55,4,24192.2643880697,2,0.0445660106164211,5595
36.4383561643836,14,11,64.5396536007293,0.24543166245943,81.99,5,22999.9480219285,1,0.0150314473660917,5601
45.2054794520548,11,28,50.5469462169553,0.523469888207717,83.73,6,21768.7855190636,2,0.00561003413808215,5603
39.7260273972603,17,3,70.1458523245214,0.355060223584565,80.2,4,49250.6938900351,2,0.0905924441864506,5610
58.9041095890411,14,4,61.6226071103008,0.220548864046159,78.77,7,39110.3958710801,1,0.00346277084197133,5618
33.7442922374429,18,29,54.5578851412944,0.279690587811035,87.65,2,37258.0968473545,1,0.50630490065634,5622
38.9954337899543,10,2,62.8076572470374,0.329095564370718,82.23,7,35862.1682875726,3,0.00314676670034171,5623
63.972602739726,9,0,80.2643573381951,0.262380815001803,80.86,1,36467.4242409076,0,1.341418869718,5625
15.7534246575342,20,28,59.3892433910666,0.294836639019113,76.21,3,33643.9887734499,2,0.168140868870435,5630
30.4109589041096,12,1,74.61257976299,0.399055896141363,78.34,6,43619.815305396,0,0.0105692095171719,5637
62.3744292237443,13,5,60.9845031905196,0.370927515326361,77.1,7,27034.8776966234,2,0.0021852795760138,5640
40.8219178082192,9,34,50.8659981768459,0.495341507392715,80.23,1,21022.7432680221,3,0.770245196670641,5642
33.6986301369863,15,8,64.3573381950775,0.337389830508475,76.13,3,16360.9637668824,2,0.0832574867262534,5643
43.6529680365297,12,3,78.669097538742,0.363354489722322,81.27,6,15487.5322673657,2,0.00341451541179736,5648
42.7853881278539,12,4,59.7538742023701,0.523830508474576,83.03,3,32349.2373608048,2,0.159761620379677,5653
28.9041095890411,13,8,63.3090246125798,0.383188604399567,78.7,4,39792.6226383172,2,0.0726437651961764,5656
33.1963470319635,12,14,76.6180492251596,0.383188604399567,80.21,4,52430.4521165204,3,0.0928046600866946,5666
47.4885844748858,14,1,55.6061987237922,0.384270465200144,81.08,2,47892.2985522238,2,0.641130507004313,5676
40.7305936073059,16,2,80.0364630811304,0.321522538766679,76.92,7,43907.2002460851,2,0.0038918509197929,5680
55.2511415525114,12,4,61.6681859617138,0.52960043274432,77.16,6,36323.6029675182,2,0.00908337648476575,5690
32.1917808219178,12,10,50.1823154056518,0.447739632167328,81.89,7,31317.0921055837,2,0.00290877946932873,5700
22.2831050228311,18,10,67.0920692798541,0.268150739271547,77.58,6,44681.0756234144,0,0.0107524397887336,5702
38.4018264840183,13,7,41.6134913400182,0.42898737829066,76.22,3,30858.5431373534,3,0.154895229220007,5708
69.9543378995434,11,3,84.5943482224248,0.186650558961413,80.66,7,28435.8037087524,2,0.00288635775833638,5709
49.5890410958904,10,16,70.1914311759344,0.394007212405337,76.98,6,27903.5708666369,4,0.00646198221057229,5714
55.2511415525114,12,2,39.8814949863264,0.591627118644068,77.25,3,26959.6131745727,2,0.134002354033588,5723
53.7899543378995,5,3,71.0574293527803,0.304573386224305,78.64,4,35906.4415472225,2,0.0657328863038229,5729
22.6940639269406,18,0,57.5660893345488,0.308540209159754,78.17,4,39572.9275184445,3,0.0726141852542702,5736
64.4292237442922,13,7,61.6681859617138,0.485965380454381,79.49,3,42607.0710974919,4,0.210513625790142,5744
65.9817351598173,9,3,72.7438468550593,0.272838802740714,86.97,1,33311.1730562469,2,1.21979394983259,5750
50.2283105022831,16,0,63.6736554238833,0.32116191849982,83.5,7,30269.9710133246,2,0.00279887602228124,5751
63.6529680365297,13,0,77.848678213309,0.303852145690588,80.55,7,24305.3909035946,1,0.00243360517719337,5752
65.7990867579909,9,5,58.7967183226983,0.381746123332131,76.13,2,26687.6997953238,3,0.362071260670276,5753
68.1278538812785,5,6,54.9680948040109,0.348929679047962,81.63,2,30232.1460175973,2,0.408642256373192,5757
44.703196347032,12,4,80.4010938924339,0.340996033177064,79.22,3,25735.8047537328,2,0.128032619795491,5760
46.3470319634703,11,1,73.8833181403829,0.441609087630725,81.63,4,37921.073992065,1,0.0695073447784336,5768
14.4748858447489,17,0,49.4986326344576,0.362272628921745,77.18,4,40296.8160759999,3,0.0736768154938745,5772
53.013698630137,6,0,59.0701914311759,0.364796970789758,76.37,2,34354.1112213822,2,0.465273335265546,5788
26.027397260274,14,2,59.6171376481313,0.367321312657771,83.57,1,49722.5743419767,3,1.82919128625319,5795
30.7305936073059,12,1,48.9061075660894,0.634901550667147,77.71,4,38800.9673142313,3,0.0710287636448836,5800
44.6118721461187,12,13,67.18322698268,0.415644428416877,79.89,3,33889.049386107,1,0.167165430554854,5806
76.62100456621,6,14,55.0592525068368,0.427905517490083,84.27,2,52077.3016680616,3,0.706982633990024,5809
26.7123287671233,14,2,74.7948951686418,0.229564370717634,82.07,7,37066.9622418898,2,0.00357844134810831,5810
45.9817351598173,18,10,33.9562443026436,0.683945906959971,82.49,7,38340.917759317,2,0.00354619525319768,5819
23.6073059360731,18,3,67.8213309024613,0.352535881716553,83.21,1,23763.8800025527,4,0.877709245152039,5822
41.9178082191781,12,0,70.1914311759344,0.393646592138478,77.39,3,46514.6404659398,0,0.230657865202732,5826
69.5433789954338,8,4,70.464904284412,0.272838802740714,76.45,5,36048.3668190144,1,0.0245109739631318,5829
68.675799086758,8,2,56.7000911577028,0.572514244500541,83.42,7,25644.4684192504,2,0.00229589745271094,5831
19.9543378995434,15,10,72.0145852324522,0.261659574468085,79.58,4,30479.0843012487,2,0.0558260311508076,5833
43.1050228310502,9,3,68.003646308113,0.547992066354129,86.51,4,36297.4081004407,2,0.0659924427036663,5837
76.62100456621,9,9,63.5369188696445,0.577923548503426,80.07,3,28245.641261576,3,0.140526429214543,5840
70.1369863013699,7,1,56.3810391978122,0.549795167688424,81.79,2,37342.6506214657,2,0.50630490065634,5848
77.9908675799087,8,13,61.485870556062,0.542582762351244,79.53,7,38526.0139325097,2,0.00366521510048756,5852
15.4337899543379,17,0,60.1640838650866,0.316834475297511,81.78,4,36228.3812559605,1,0.0659522021298071,5868
12.6940639269406,17,34,70.5560619872379,0.230646231518211,78.2,7,23734.7513059841,3,0.00231036898663625,5874
28.7214611872146,13,1,62.7620783956244,0.329095564370718,76.85,6,41432.7487139018,3,0.00997210746695892,5876
34.7488584474886,15,5,76.9371011850502,0.396892174540209,78.75,1,36093.4988803081,1,1.34320667540424,5883
30.3196347031963,12,10,74.9316317228806,0.282936170212766,80.21,4,36131.6524441203,0,0.0667773468350688,5888
55.4337899543379,5,2,51.4129443938013,0.606412549585286,79.01,5,33766.1821180728,1,0.0235713550866848,5889
38.1278538812785,10,1,79.1704649042844,0.275723764875586,81.7,1,27158.3568595258,1,1.00088140899979,5898
31.5981735159817,15,2,61.5770282588879,0.344962856112513,81.02,3,29267.1648734599,2,0.145875312867725,5899
22.6027397260274,15,8,74.61257976299,0.412759466282005,89.19,1,25342.9808820361,2,0.932882500163015,5903
76.62100456621,9,1,68.1403828623519,0.276084385142445,86.47,7,40010.1457579318,2,0.00357842530993307,5906
77.6712328767123,4,14,59.7994530537831,0.634180310133429,81.08,2,26753.6485690321,2,0.362925272467254,5907
32.1004566210046,12,17,88.4685505925251,0.200354129102055,76.75,1,22458.282532452,4,0.826621420496725,5914
21.4611872146119,15,9,74.7493163172288,0.385352326000721,78.32,4,39792.6226383172,2,0.0722540767650013,5919
28.9497716894977,20,3,57.5205104831358,0.447379011900469,81.46,2,40840.646356118,2,0.551040805007,5928
40.8675799086758,16,8,57.7484047402006,0.284739271547061,79.49,5,32734.0661637251,2,0.0224530568516015,5930
39.1780821917808,13,2,69.1431175934367,0.373091236927515,79.86,3,22719.4840947635,1,0.113281897369479,5936
31.2328767123288,12,12,66.4995442114859,0.386794807068157,81.3,2,26040.2990908391,2,0.352028407846785,5948
31.1415525114155,12,1,85.5970829535096,0.256971510998918,83.01,4,20028.1631631448,4,0.036387678224156,5950
29.3607305936073,13,13,69.644484958979,0.226679408582762,79.05,4,22468.653670065,3,0.0410652170848676,5951
20.1826484018265,15,0,66.8185961713765,0.365878831590335,81.16,4,34769.1850400778,4,0.0638479625702225,5954
34.3835616438356,11,4,88.2406563354604,0.245071042192571,83.94,6,26360.6831350803,2,0.00668277325470485,5958
12.4200913242009,18,3,55.6973564266181,0.47911359538406,77.51,1,33143.9853063049,1,1.21789625360354,5964
17.5799086757991,16,5,58.6144029170465,0.311425171294627,77.53,4,19165.5533399981,2,0.0342021971190433,5972
35.0228310502283,11,0,74.2479489516864,0.218024522178146,82.2,4,36963.934273338,2,0.0672593000875387,5979
51.3698630136986,17,0,67.5934366453965,0.340274792643346,77.04,2,50046.078356214,2,0.678555591591014,5983
32.6940639269406,12,0,41.5223336371923,0.539697800216372,80.85,2,19136.0861004631,3,0.264253743919955,5984
36.8493150684931,14,13,59.7082953509572,0.391482870537324,79.99,4,12854.0456631636,2,0.0235660183479036,5993
27.1689497716895,13,0,72.1969006381039,0.390040389469888,77.57,6,34758.9344410775,2,0.00850211736171401,5997
36.027397260274,14,4,82.9079307201459,0.317916336098088,79.71,3,22753.3132521245,0,0.112813799421976,6006
35.0228310502283,11,5,60.2096627164996,0.307097728092319,77.36,1,30660.2752933007,0,1.13036713664789,6014
30.6849315068493,16,0,84.8678213309025,0.312146411828345,78.63,6,26863.378388613,2,0.00645292114033313,6018
58.310502283105,11,4,71.7411121239745,0.458558240173098,80.23,5,39669.1878612931,3,0.025793731905657,6019
45.2054794520548,15,12,68.8240656335461,0.262020194734944,78.83,7,35698.3931935228,2,0.00331235995409662,6020
22.3287671232877,18,3,68.7784867821331,0.255889650198341,80.62,4,15246.0930451473,2,0.0279903711072892,6023
95.2511415525114,6,3,72.971741112124,0.492817165524703,82.57,2,38977.2841404624,2,0.524736019890271,6026
32.0547945205479,15,3,58.9334548769371,0.360108907320591,81.06,3,26459.3327304016,1,0.131453133849679,6030
14.2009132420091,17,0,63.4001823154057,0.482359177785791,79.71,4,19494.8587357381,3,0.0353962611529476,6036
29.4977168949772,16,11,61.5314494074749,0.451345834835918,78.97,6,27930.8178587196,3,0.00656903894305681,6041
26.7123287671233,14,2,74.7948951686418,0.306737107825459,79.81,7,36131.6524441203,1,0.00333200752249141,6042
44.4292237442922,15,0,47.1285323609845,0.663029931482149,78.55,2,32681.0756913863,3,0.443808474464164,6044
47.4885844748858,14,2,46.0346399270738,0.351454020915975,79.61,2,16332.7942671702,0,0.209602822932632,6053
39.4063926940639,10,0,55.742935278031,0.471540569780022,76.18,7,37668.3694904578,2,0.00346583847527643,6055
16.4840182648402,20,20,67.6390154968095,0.449903353768481,76.79,1,25013.5087864795,2,0.932316164450199,6056
74.1095890410959,5,7,64.767547857794,0.371648755860079,82.49,2,33226.1306928098,2,0.450995315921427,6063
67.5799086757991,12,3,46.8094804010939,0.557007573025604,86.3,7,27237.9063139555,2,0.00223908837002849,6064
45.7077625570776,11,1,74.8860528714676,0.306015867291742,78.04,6,48317.9303453667,3,0.0112415293720467,6072
38.8584474885845,17,0,74.0656335460346,0.339192931842769,79.89,1,35132.226456787,2,1.29142485015568,6074
20.5936073059361,19,3,54.5578851412944,0.303491525423729,81.92,1,37582.0687097785,1,1.37940962208732,6075
44.4292237442922,8,4,38.7876025524157,0.707746844572664,81.11,4,33871.586283706,2,0.0621158717936855,6078
38.4474885844749,10,2,73.5186873290793,0.404104579877389,77.25,4,30061.715591303,2,0.055119247113463,6080
27.1689497716895,17,5,78.7602552415679,0.304573386224305,77.49,1,49272.8265031172,2,1.88294981148486,6081
30.0913242009132,16,3,49.1340018231541,0.407710782545979,81.26,1,27865.4680761156,1,1.02511328238221,6082
4.79452054794521,20,13,58.8422971741112,0.554122610890732,82.93,2,29969.886886305,2,0.406933961928359,6085
52.283105022831,9,3,63.8103919781222,0.306015867291742,88.11,6,32018.5844359585,2,0.00800907737894134,6095
23.6073059360731,18,0,56.1531449407475,0.328374323837,83.25,4,31450.5945994523,3,0.0574972647652242,6098
65.7077625570776,12,1,73.2907930720146,0.260938333934367,81.26,5,30882.7263765865,3,0.0210757990183275,6104
54.2922374429224,16,15,60.7566089334549,0.423217454020916,81.71,4,15186.5079522167,3,0.0279354186380137,6113
48.3561643835616,11,1,66.9097538742024,0.420332491886044,79.61,1,35207.2285556311,2,1.29301476392542,6114
20.2283105022831,15,2,70.510483135825,0.456755138838803,81.16,4,37773.3553764435,3,0.0693842688567114,6120
41.3698630136986,13,20,60.2552415679125,0.420332491886044,85.97,5,16880.6767680653,3,0.0102392831013005,6121
34.0639269406393,11,1,50.8659981768459,0.553401370357014,81.38,1,45027.3857299155,2,1.68272487532654,6122
12.9223744292237,18,1,66.4995442114859,0.520945546339704,79.69,4,25762.3181919827,2,0.0475281667429399,6125
21.2328767123288,15,2,67.6845943482224,0.449903353768481,82.19,4,26483.6383266376,1,0.0485064756050535,6137
22.8310502283105,15,0,58.97903372835,0.278608727010458,81.78,4,23220.922046059,1,0.0419814175319841,6139
54.2922374429224,12,2,50.7748404740201,0.62660728452939,79.33,3,29697.5297062335,1,0.147855294184092,6147
34.8401826484018,14,5,52.4156791248861,0.392564731337901,80.58,4,31200.2527297103,2,0.0575081967404916,6150
42.5114155251142,12,13,35.2780309936189,0.61939487919221,80.2,5,21253.8451989906,3,0.0140645549945742,6157
37.3059360730594,14,4,55.0592525068368,0.488489722322394,82.99,2,48525.8603425376,2,0.656726105375763,6162
23.1963470319635,19,2,54.5578851412944,0.372009376126938,84.8,6,42526.7392407677,2,0.0106302255498573,6167
31.4155251141552,19,7,57.2470373746582,0.444133429498738,77.16,2,23197.3294465658,3,0.312940890154873,6170
49.3607305936073,14,14,70.8751139471286,0.276805625676163,80.36,2,30056.215219895,3,0.405792504765035,6178