Safety_Score,Days_Since_Inspection,Total_Safety_Complaints,Control_Metric,Turbulence_In_gforces,Cabin_Temperature,Accident_Type_Code,Max_Elevation,Violations,Adverse_Weather_Metric,Accident_ID
56.62100456621,11,44,63.9015496809481,0.339914172376487,80.84,5,33858.6794591848,0,0.0235713550866848,8724
28.9041095890411,16,6,52.7803099361896,0.333783627839884,81.39,7,31967.4549517257,1,0.00279527608367061,8725
53.7899543378995,5,6,69.5533272561531,0.35325712225027,79.65,4,46540.2720370916,2,0.0842708200139386,8726
43.7899543378995,12,10,77.073837739289,0.344602235845654,87.47,6,32164.2230668647,2,0.00800907737894134,8728
28.2648401826484,13,12,46.718322698268,0.549795167688424,82.53,4,35509.2285154196,3,0.0648774547016707,8729
34.8401826484018,11,10,55.1048313582498,0.334865488640461,94.2,4,47592.316643138,4,0.0867471686429157,8730
59.5433789954338,11,9,97.9945305378305,0.303491525423729,78.92,2,35847.895873568,2,0.485304811820382,8737
52.9680365296804,9,3,80.4922515952598,0.305294626758024,80.83,3,26632.0129708879,3,0.132583630829837,8743
48.7214611872146,10,7,58.4320875113947,0.432954201226109,85.67,6,28878.3958171383,2,0.00748354252390023,8744
36.0730593607306,11,0,45.897903372835,0.606773169852146,80.14,3,45075.2781182304,3,0.225104799742964,8747
30.1369863013699,12,0,68.6417502278943,0.383549224666426,79.7,5,33945.4313005177,1,0.0227523182589593,8749
31.324200913242,16,5,70.0091157702826,0.333062387306166,77.1,3,33961.7400444918,2,0.16875836276271,8751
28.2191780821918,13,7,71.0574293527803,0.306376487558601,80.34,4,40360.2154058748,3,0.0738061931613752,8754
50.4109589041096,10,7,70.3737465815861,0.375254958528669,77,2,40679.5715501571,1,0.551040805007,8756
39.2694063926941,13,0,57.4749316317229,0.234973674720519,79.77,3,20835.3210910955,2,0.103487089845279,8759
26.5753424657534,17,8,55.0592525068368,0.317195095564371,80.02,6,24858.0729137173,4,0.00639050712106452,8767
33.8812785388128,11,6,67.18322698268,0.450263974035341,77.46,4,21608.8096954077,1,0.0400674746471867,8772
64.1552511415525,9,9,54.2388331814038,0.505799495131626,78.34,1,46211.521973574,0,1.64589054204515,8773
49.5890410958904,10,16,70.1914311759344,0.394007212405337,77.82,2,20374.9875573108,1,0.277200205655643,8776
41.1415525114155,9,5,63.6736554238833,0.289427335016228,79.26,4,30419.6302841182,0,0.0558063494423823,8780
100,4,17,65.0865998176846,0.44701839163361,81.62,7,36458.5802116072,1,0.00316851867819873,8781
36.62100456621,14,4,55.2415679124886,0.488489722322394,81.38,2,44557.4777498365,3,0.602231712097975,8786
20.1369863013699,19,8,70.510483135825,0.382467363865849,81.02,3,38634.4918369471,1,0.192477284009883,8791
44.2009132420091,8,19,72.151321786691,0.303491525423729,80.02,4,48080.1177543947,3,0.0886495373469872,8793
19.6803652968037,16,9,53.3728350045579,0.497505228993869,77.46,1,17307.2747036961,1,0.651623743243857,8796
33.013698630137,15,0,48.6326344576117,0.426102416155788,79.33,2,38375.4374821499,0,0.519355070097568,8798
58.310502283105,14,1,66.6818596171377,0.192059862964299,79.6,7,35468.9976035531,2,0.00330989518431642,8804
83.6529680365297,7,21,80.9936189608022,0.318276956364948,83.99,5,39758.1296496745,2,0.025793731905657,8812
18.1735159817352,16,1,54.3299908842297,0.293033537684818,85.9,4,26026.0289669448,1,0.0479837060862173,8815
54.1095890410959,9,10,66.3172288058341,0.46108258204111,76.21,6,39649.8076802642,2,0.0101185628153381,8862
19.1780821917808,21,9,63.7648131267092,0.482359177785791,78.49,4,25239.6627058985,2,0.0453896622023122,8867
54.703196347032,9,5,51.5041020966272,0.564580598629643,84.13,7,24079.4243606516,3,0.00235237721316479,8870
37.4885844748858,10,12,83.4092980856883,0.263823296069239,79.85,1,18890.3647373847,1,0.703984357896898,8873
15.7534246575342,20,5,74.2023701002735,0.235334294987378,75.59,7,43717.2844019346,1,0.00417783879488169,8875
67.1232876712329,12,1,78.6235186873291,0.232449332852506,76.64,7,24205.2243326284,2,0.00243360517719337,8881
48.7671232876712,14,4,57.7484047402006,0.388237288135593,78.64,5,43786.173360848,1,0.0299604645458222,8882
28.9497716894977,16,0,49.6809480401094,0.367321312657771,81.2,4,40296.8160759999,1,0.0743977203306093,8901
66.2557077625571,9,1,69.4621695533273,0.379582401730977,77.78,2,45645.5150050452,3,0.619279392671491,8903
46.7579908675799,11,1,75.2962625341842,0.247234763793725,75.78,6,26194.6862921461,2,0.006682612232952,8905
43.5616438356164,12,3,66.8641750227894,0.272117562206996,86.31,6,20633.9199967052,1,0.00575729159765092,8908
36.4383561643836,10,13,61.4402917046491,0.469376848178867,77.79,1,39396.116621502,2,1.4358236572342,8909
31.5068493150685,19,7,61.7137648131267,0.286181752614497,80.7,4,39913.6727017382,2,0.0728265496953957,8913
40.6392694063927,13,1,82.4521422060164,0.174389469888207,82.46,6,38360.5730719553,2,0.0100821045279495,8916
25.8904109589041,14,0,51.4585232452142,0.49353840605842,80.59,1,24135.4433661131,1,0.890281948019857,8931
42.648401826484,9,1,68.1859617137648,0.241464839523981,79.26,7,28270.7766417341,2,0.00260430381110831,8936
22.1917808219178,15,8,48.313582497721,0.496783988460151,76.18,7,37212.1921502745,2,0.00365445166324481,8943
44.5662100456621,15,2,75.8432087511395,0.324046880634692,80.09,6,39615.1050970733,2,0.00977993678789187,8944
70.5022831050228,4,18,88.0583409298086,0.188453660295708,79.83,7,36676.100600582,1,0.00316851867819873,8961
55.0228310502283,15,2,60.1185050136736,0.268150739271547,78.77,7,15156.4469411159,2,0.00118473199612991,8970
34.5662100456621,11,12,50.1823154056518,0.483801658853228,85.53,4,30281.730328791,4,0.0556671565499178,8976
46.2557077625571,8,2,49.179580674567,0.412759466282005,82.23,4,32995.4366192001,1,0.0604794899831926,8983
47.9908675799087,14,29,78.4867821330902,0.448821492967904,83.6,2,27382.2626097111,2,0.369357073209878,8989
25.296803652968,14,1,57.5205104831358,0.308540209159754,81.58,4,43693.778543788,0,0.0804705844406809,8998
51.2328767123288,13,14,58.0674567000912,0.543664623151821,83.6,5,38428.2020163946,0,0.0268498356534474,8999
18.310502283105,16,4,62.6253418413856,0.406628921745402,80.06,4,40142.0806841499,2,0.0736509209184376,9002
64.9315068493151,9,3,73.9288969917958,0.354338983050847,85.61,2,31919.6799347082,2,0.431054505868359,9013
54.1095890410959,16,13,48.9061075660894,0.407710782545979,76.61,6,24518.0124669493,2,0.0064098498207914,9014
46.6666666666667,18,0,57.7484047402006,0.342799134511359,79.66,3,25852.3581994082,2,0.129889248308694,9018
63.6529680365297,10,12,45.2597994530538,0.261659574468085,80.85,2,44671.269021864,2,0.607642842436207,9026
26.5753424657534,17,1,78.7602552415679,0.36768193292463,77.19,3,36420.9562967583,2,0.181056414605482,9027
15.296803652968,17,10,67.5022789425707,0.283296790479625,78.84,1,29368.5496527533,3,1.0902659809403,9033
28.9041095890411,13,3,48.9061075660894,0.520945546339704,78.22,3,22169.2085958915,3,0.110911641223805,9035
69.634703196347,11,10,49.1340018231541,0.687191489361702,77.44,5,46296.737183495,0,0.0320328772438867,9040
71.5981735159817,7,3,72.7438468550593,0.427905517490083,77.71,2,35121.8584149202,2,0.4741097524186,9047
33.6073059360731,11,0,60.5742935278031,0.402301478543094,76.51,1,37060.2236393683,3,1.34784952706186,9049
42.5114155251142,16,16,42.5706472196901,0.537894698882077,75.51,2,33595.0106061457,0,0.454618023939776,9051
43.1050228310502,12,3,31.0847766636281,0.640310854670032,79.14,5,35975.2977640142,0,0.0242970691299218,9057
25.296803652968,14,17,54.7857793983592,0.414923187883159,81.68,2,38033.854208112,0,0.516753160294527,9072
61.5068493150685,10,6,66.6818596171377,0.330538045438154,79.5,4,27686.2413636474,2,0.0507123296956815,9078
15.7534246575342,19,28,82.2242479489517,0.434396682293545,81.23,4,42476.368666169,2,0.0775283006898538,9080
60.4566210045662,7,7,61.5770282588879,0.352175261449693,80.43,3,22450.2663425306,3,0.112255875099451,9081
54.8401826484018,12,4,61.6681859617138,0.633098449332852,79.24,2,22671.8172128642,2,0.307623471832018,9083
37.2146118721461,14,19,64.4484958979034,0.262741435268662,84.51,6,44485.7027799777,3,0.0106672040775581,9088
36.027397260274,14,25,60.3463992707384,0.292672917417959,79.99,4,33401.0255544809,1,0.0615388804407856,9089
15.0684931506849,17,24,78.0309936189608,0.37489433826181,86.43,4,34589.1544020152,4,0.062953935151325,9109
35.4794520547945,14,0,61.6226071103008,0.456033898305084,76.95,3,33637.1800839273,2,0.168586748894355,9111
36.3013698630137,14,3,75.7520510483136,0.336307969707898,82.57,3,22172.6983509275,3,0.10994834458103,9113
41.324200913242,16,7,58.8422971741112,0.444133429498738,80.74,5,52513.9126928886,3,0.0353194524101037,9117
13.8812785388128,17,13,62.3518687329079,0.585496574107465,81.31,1,31020.38631292,2,1.14234941635059,9119
34.4292237442922,14,6,65.8614402917047,0.282575549945907,78.3,6,34524.3123296038,2,0.00863651527298157,9123
18.3561643835616,20,20,74.2023701002735,0.238940497655968,77.76,3,30176.470252091,3,0.150443509700188,9127
16.1187214611872,17,16,47.0829535095716,0.599921384781825,81.66,3,39488.3014653357,1,0.197627289388574,9135
38.4931506849315,17,36,66.9097538742024,0.409513883880274,80.04,2,42049.7757475593,3,0.569213825805112,9139
48.8584474885845,17,1,65.0865998176846,0.354699603317706,77.41,5,50950.7851616493,2,0.0340042459384705,9143
61.0502283105023,10,1,63.6736554238833,0.481637937252074,78.32,2,37459.086597803,3,0.50848625905791,9148
20.5936073059361,23,1,67.9580674567001,0.330538045438154,81.49,1,13761.7202527562,4,0.506265395614168,9160
13.8356164383562,17,12,62.3518687329079,0.251922827262892,77.29,6,32516.6697365042,1,0.00800907737894134,9166
24.6118721461187,18,11,60.8021877848678,0.557368193292463,78.61,7,26697.1750912641,3,0.00248377555471595,9176
51.2785388127854,10,13,71.7411121239745,0.493899026325279,76.71,5,5573.65221329357,3,0.00451160449111055,9177
32.8310502283105,19,3,66.6818596171377,0.42177497295348,81.46,6,20106.7303917632,4,0.00463226113987301,9178
45.2054794520548,15,3,60.6198723792161,0.368763793725207,80.85,2,25874.9657521701,2,0.349358256005638,9181
20.1826484018265,15,0,55.1959890610757,0.505438874864767,78.49,4,35769.5193950316,2,0.0653794865659297,9185
64.8858447488584,9,5,73.6554238833182,0.423217454020916,76.69,2,28473.7861502813,2,0.384836754898473,9187
57.2602739726027,8,5,79.3527803099362,0.502914532996754,77.39,1,46211.521973574,2,1.66957305446872,9192
43.6529680365297,15,2,51.5041020966272,0.553401370357014,79.89,2,36091.5527721269,1,0.489011562768232,9200
54.5205479452055,9,1,68.1403828623519,0.213697078975838,77.86,3,19406.5744440946,2,0.0941747741034185,9212
36.62100456621,11,7,74.2935278030994,0.207205914172377,77.69,3,33833.4845894326,1,0.167321669948203,9219
46.8949771689498,11,0,80.4010938924339,0.240022358456545,81.58,6,24759.2173609027,1,0.00635324102899546,9230
65.4337899543379,4,0,49.5897903372835,0.456755138838803,83.01,3,34210.2043624715,1,0.170714949985897,9231
46.1187214611872,8,3,49.179580674567,0.541140281283808,81.15,3,23340.3470114836,3,0.117363089762599,9232
35.2511415525114,11,14,56.563354603464,0.505078254597908,84.63,7,46283.8228895864,3,0.00411553348553787,9239
36.2557077625571,11,3,68.4138559708295,0.24543166245943,82.57,4,36019.2137512198,3,0.0667773468350688,9242
57.4885844748858,8,19,63.2634457611668,0.258413992066354,80.09,6,32218.4656381463,4,0.00781634743512032,9245
19.1324200913242,16,10,59.6171376481313,0.566023079697079,77.39,1,33386.7032484676,2,1.23244148024859,9247
22.1917808219178,15,4,72.3792160437557,0.430790479624955,78.49,4,32626.6055861269,2,0.0596686716089953,9250
53.013698630137,6,0,66.7274384685506,0.246513523260007,80.05,4,28379.6637179817,3,0.0520195059207914,9252
45.2054794520548,11,5,72.5615314494075,0.378139920663541,79.93,2,59108.8771655082,2,0.77780180254329,9257
37.3059360730594,14,0,59.6171376481313,0.434396682293545,77.59,4,32942.2109489692,3,0.0600603540074943,9260
36.7579908675799,14,1,58.9334548769371,0.54041904075009,79,2,38558.2326995907,2,0.52135290526144,9264
34.4748858447488,11,7,66.8641750227894,0.586939055174901,78.49,2,42365.0610556393,2,0.576201428940559,9266
23.7899543378995,14,1,72.7438468550593,0.299164082221421,79.47,7,33108.5121785402,3,0.00304507053519024,9270
38.4474885844749,17,5,72.105742935278,0.302409664623152,77.91,3,17496.9718028607,2,0.088645927761521,9274
35.296803652968,11,1,86.918869644485,0.270314460872701,77.08,2,28565.2377342638,2,0.388261185483228,9279
31.9178082191781,15,6,44.7584320875114,0.641392715470609,79.92,7,5142.28607310439,3,0.00136724003230083,9281
40.6392694063927,13,0,61.8960802187785,0.346405337179949,76.85,2,22233.3363334661,2,0.292872788776625,9282
36.027397260274,14,3,61.3947128532361,0.273560043274432,84.15,3,32628.1197310149,3,0.16258386348284,9283
30.7762557077626,20,4,44.3938012762078,0.608215650919581,80.16,6,26042.4845145127,2,0.00679043937658018,9292
75.296803652968,6,1,63.9015496809481,0.24543166245943,77.36,6,35730.8971408857,1,0.00899424219999056,9300
52.283105022831,9,12,71.7411121239745,0.442330328164443,77.7,6,49233.3487052144,2,0.0131871755343616,9302
15.2054794520548,20,13,74.2023701002735,0.235334294987378,77.93,3,34522.3491637318,1,0.169435829021002,9303
41.1415525114155,13,0,64.2206016408387,0.457115759105661,89.99,4,40979.5754532752,3,0.0755308247324447,9308
54.0182648401826,9,17,64.0838650865998,0.339192931842769,75.05,4,22420.8488354324,2,0.0405516045635434,9313
30.958904109589,16,7,69.7812215132179,0.289066714749369,81.3,7,22297.575620694,4,0.00191824846481822,9321
43.013698630137,12,4,70.7383773928897,0.29555787955283,78.59,4,28455.475587873,1,0.0522542716629988,9324
61.7808219178082,13,18,66.362807657247,0.319719437432383,81.21,7,44263.0435073702,2,0.00394519026872028,9333
36.62100456621,14,0,56.517775752051,0.365878831590335,81.92,2,44363.1891191291,2,0.600585392120449,9340
33.6986301369863,15,6,67.2743846855059,0.417447529751172,76.62,3,36838.8109461688,2,0.183169117908563,9349
48.6301369863014,7,3,67.5022789425707,0.256610890732059,80.2,4,30423.7249691533,2,0.0556296473123615,9351
16.7123287671233,16,9,67.7301731996354,0.405547060944825,78.28,4,35301.416428469,2,0.0645364140643536,9352
50.365296803653,10,1,52.4156791248861,0.417808150018031,78.47,3,22475.1258704004,3,0.111813204786799,9353
67.1232876712329,12,7,59.6627164995442,0.465770645510278,81.63,5,27243.1511537835,2,0.0184283725792126,9359
20.1826484018265,15,0,56.7456700091158,0.516978723404255,79,4,31442.5116481097,3,0.0577759264269542,9363
39.8173515981735,17,0,74.3391066545123,0.239301117922827,79.07,6,41573.9651981208,1,0.0103372525612122,9365
43.7899543378995,15,3,69.4165907019143,0.246874143526866,75.81,4,32990.9149372376,2,0.0601777442176999,9373
50.0913242009132,13,9,84.1385597082954,0.289427335016228,78.2,5,37253.905366837,2,0.0245347549298593,9377
49.0867579908676,13,0,49.2707383773929,0.556286332491886,80.14,2,20299.8059265814,1,0.277200205655643,9383
47.8995433789954,14,29,74.9772105742936,0.32116191849982,82.09,4,33257.5951870857,2,0.061124830982299,9389
12.4200913242009,18,6,54.4667274384686,0.481277316985214,78.9,6,25239.6627058985,3,0.00605108745987546,9392
68.1278538812785,8,3,40.3372835004558,0.696206996033177,78.55,1,37945.7802513522,2,1.38929549655495,9400
50.0456621004566,16,0,81.9051959890611,0.338471691309052,79.81,7,21744.2730155049,2,0.00200768617151415,9401
53.4246575342466,12,14,70.1002734731085,0.354699603317706,81.26,5,42860.1610777543,3,0.0284866706906088,9407
39.8173515981735,17,4,60.8021877848678,0.407710782545979,79.01,2,32230.500067409,1,0.435983529967462,9408
29.7716894977169,16,6,47.8122151321787,0.431151099891814,78.95,1,32337.3176953635,2,1.18304526786249,9417
28.5388127853881,13,6,66.9553327256153,0.256610890732059,80.06,4,41567.5210621664,0,0.076025359959977,9423
37.3972602739726,14,1,79.7629899726527,0.362633249188604,85.3,6,24421.6576824513,1,0.00623447084626441,9424
40.2739726027397,9,6,80.9936189608022,0.264183916336098,78.31,4,26572.9666742821,1,0.0484619583526901,9430
28.0365296803653,13,0,88.1494986326345,0.309622069960331,78.52,4,25111.1749048795,3,0.0462843448938988,9449
66.8036529680365,12,4,69.644484958979,0.2923122971511,79.64,7,38924.6214354371,2,0.00340601660499652,9452
50.7762557077626,10,7,79.7174111212398,0.31358889289578,83.07,2,24377.0453612042,3,0.32809530982753,9453
28.5388127853881,13,5,55.7885141294439,0.311425171294627,81.25,2,48722.4847633761,2,0.659387127544305,9456
44.5205479452055,12,10,57.2470373746582,0.281133068878471,78.37,2,28425.9091809241,0,0.384836754898473,9461
11.0045662100457,18,6,31.5405651777575,0.717844212044716,80.34,1,46768.8221857607,2,1.74851946088815,9463
54.7488584474886,15,2,74.7948951686418,0.338471691309052,80.42,5,26023.2072563315,2,0.0172239467347377,9465
58.2648401826484,11,32,64.5852324521422,0.414201947349441,78.29,5,35818.6532209991,2,0.0246279782250208,9471
42.2374429223744,12,9,83.4092980856883,0.287263613415074,79.62,3,33137.9077443779,0,0.164679543699548,9484
66.4383561643835,12,14,45.897903372835,0.63021348719798,79.99,3,31544.5869936275,3,0.156961862886295,9489
37.0776255707762,14,6,57.9762989972653,0.560974395961053,79.49,7,28245.641261576,1,0.00267806507828381,9495
76.1187214611872,6,29,65.9070191431176,0.399055896141363,76.63,7,13241.1540510458,1,0.00129983141772071,9508
35.9817351598173,11,7,85.9617137648131,0.198911648034619,76.89,2,25520.9245281417,3,0.344926674199494,9515
72.0091324200913,10,3,62.9443938012762,0.639589614136314,82.67,2,31122.6458475577,2,0.421126243426699,9521
58.3561643835616,7,4,67.6845943482224,0.40374395961053,81.57,2,27154.0852458968,4,0.369357073209878,9528
25.296803652968,14,8,54.8313582497721,0.34965091958168,78.22,4,23459.1137230837,2,0.0434099096156099,9534
36.8036529680365,14,0,57.5205104831358,0.560974395961053,77.04,3,34735.4582523127,1,0.17306668059366,9539
17.5799086757991,16,1,62.8988149498633,0.477671114316625,78.37,4,29260.9656475168,3,0.0539003607023165,9540
45.4794520547945,11,6,20.9662716499544,0.600282005048683,79.89,6,5142.28607310439,3,0.00120635874796911,9553
45.0228310502283,15,2,59.2980856882407,0.453509556437072,77.98,3,30071.5775620962,2,0.148832135405465,9557
56.62100456621,12,6,54.1932543299909,0.405186440677966,81.43,2,45331.8312811159,3,0.619279392671491,9565
59.4063926940639,11,12,81.3582497721058,0.226679408582762,83.11,2,31529.7623234607,3,0.425813096340294,9572
27.6712328767123,13,29,58.4776663628077,0.467573746844573,78.47,4,49364.7256711042,2,0.0905402526442483,9583
34.4748858447488,11,3,60.665451230629,0.402301478543094,76.73,4,33249.3810676588,2,0.0609113242530921,9584
40.2283105022831,13,3,56.7912488605287,0.507241976199062,75.67,5,30312.6031560311,1,0.0195855691124162,9585
48.675799086758,7,3,76.7547857793984,0.281854309412189,78.86,4,32183.6566153411,2,0.0592112001916615,9588
42.1004566210046,16,15,67.6845943482224,0.237137396321673,84.51,5,46328.8706815311,2,0.0320260726894477,9591
31.9178082191781,12,16,66.362807657247,0.344602235845654,81.39,1,27087.6233599448,2,1.00601550493634,9595
48.2191780821918,11,10,51.0027347310848,0.507602596465921,81.85,2,52978.4790590023,1,0.695172258679209,9602
38.0365296803653,13,1,77.028258887876,0.369485034258925,81.21,4,28145.0409199558,2,0.0513502290422108,9612
45.1598173515982,8,4,74.5214220601641,0.339192931842769,78.56,4,27093.0972739741,2,0.0499088122666548,9615
46.6666666666667,11,7,60.1640838650866,0.405186440677966,81.45,6,28542.004184011,2,0.00716115285602777,9622
53.7442922374429,9,3,30.4010938924339,0.771576631806707,82.85,5,32655.8419309908,2,0.0217919427663462,9632
45.662100456621,11,1,51.3673655423883,0.639950234403173,79.89,3,40797.9602108571,0,0.205286208938162,9636
26.9406392694064,17,0,52.3701002734731,0.438002884962135,76.1,6,32785.6459081019,1,0.00775200553445017,9640
33.5616438356164,15,29,55.4238833181404,0.510848178867652,81.89,5,32473.8642120236,2,0.0219848426435965,9641
53.6529680365297,9,10,77.4384685505925,0.185568698160836,83.55,3,19340.2551067885,2,0.0966196448634178,9648
43.9269406392694,15,0,86.7821330902461,0.186650558961413,82.75,1,38768.3708037408,3,1.42869567940064,9659
48.2648401826484,10,5,67.2743846855059,0.261298954201226,82.14,3,25842.7105033025,1,0.128896401917114,9667
62.7397260273973,13,8,56.1531449407475,0.4506245943022,80.83,7,31706.3038057388,2,0.00284071646275224,9669
60.1826484018265,11,13,81.4038286235187,0.237137396321673,81.35,2,39378.2838891518,2,0.533684621923382,9672
38.7671232876712,13,30,68.1403828623519,0.253365308330328,80.61,4,30098.5723888406,0,0.0545526660756485,9689
41.5525114155251,9,1,60.8021877848678,0.380303642264695,81.96,4,36221.8583930304,2,0.0667108224535752,9694
19.9543378995434,16,4,66.9097538742024,0.416365668950595,84.72,6,23720.1789326526,0,0.00606686659497718,9695
62.7853881278539,10,18,54.0565177757521,0.377418680129823,75.35,2,38600.7994052763,2,0.52274965233139,9696
58.0365296803653,14,2,78.1221513217867,0.303852145690588,80.89,7,30950.3913128814,2,0.00290877946932873,9699
54.7488584474886,15,2,60.1185050136736,0.484522899386945,81.04,5,15703.5605621482,2,0.0121842629372386,9717
25.8447488584475,14,2,66.9097538742024,0.335586729174179,81.26,4,42483.5374360881,1,0.0769603531991185,9720
43.2420091324201,12,7,78.669097538742,0.298082221420844,79.02,5,38883.4914547263,2,0.0262621199809404,9721
47.5342465753425,17,12,48.2224247948952,0.441969707897583,77.4,6,29662.5921575424,1,0.00724646253854492,9729
30.9132420091324,12,3,64.0382862351869,0.444133429498738,80.39,1,32337.3176953635,2,1.18372103996504,9736
57.9908675799087,14,8,78.1221513217867,0.341717273710782,79.29,3,15414.0990178963,3,0.0772169276038119,9740
32.0091324200913,15,0,59.2980856882407,0.424299314821493,81.76,7,36221.8583930304,3,0.00312227015302813,9746
50.5936073059361,13,10,69.9179580674567,0.354699603317706,83.51,2,45878.8795912215,1,0.620903116405641,9748
51.2785388127854,13,14,64.8587055606199,0.379582401730977,78.02,2,40421.4333902048,1,0.545990855856288,9750
57.0776255707762,11,0,55.9708295350957,0.363354489722322,79.63,5,29213.8409826863,2,0.0208654093668965,9751
34.7945205479452,11,0,81.7228805834093,0.325849981968986,76.8,3,41578.7169861032,2,0.208414226253688,9755
15.8904109589041,17,8,38.1494986326345,0.556646952758745,79.2,1,27638.220348067,3,1.0104081196839,9757
48.7214611872146,14,35,66.7730173199635,0.319719437432383,78.64,1,23787.7963047131,3,0.870409654339999,9759
25.2511415525114,14,3,79.535095715588,0.268150739271547,80.58,4,27158.3568595258,1,0.0495634535588507,9761
50.5936073059361,13,31,66.7730173199635,0.322604399567255,80.84,3,39269.0539266116,3,0.194627896518072,9770
50.2739726027397,13,5,68.869644484959,0.200354129102055,80.44,5,36028.4975935607,2,0.0252195650776522,9778
65.0228310502283,9,0,82.9079307201459,0.269953840605842,78.74,5,35819.066500176,1,0.0244657939434174,9779
45.0228310502283,15,10,65.9981768459435,0.309982690227191,78.3,1,43264.2646498793,4,1.62375240575535,9783
64.2009132420091,13,1,70.6472196900638,0.32116191849982,81.94,7,44036.8146613431,2,0.0037778342515366,9784
23.013698630137,14,16,37.5113947128533,0.59451208077894,80.02,1,26015.6911208294,2,0.959037977829188,9791
42.8767123287671,12,3,67.7301731996354,0.25264406779661,81.98,4,33951.338673945,3,0.0618771557932251,9798
3.28767123287671,22,6,64.1294439380128,0.416365668950595,80.86,4,42500.2232326123,2,0.0775283006898538,9804
58.675799086758,14,5,62.5341841385597,0.314670753696357,84.28,7,43296.0711451878,2,0.00391294369369766,9809
50.7762557077626,10,16,70.1914311759344,0.439805986296429,79.21,2,42692.4127039013,2,0.578783519836537,9811
62.5114155251141,10,15,84.2752962625342,0.37128813559322,79.63,2,31661.6288095643,2,0.428493550267488,9817
36.3013698630137,14,2,73.1084776663628,0.32116191849982,78.82,3,36434.9776381681,2,0.181272564010217,9818
11.9634703196347,18,1,47.9033728350046,0.554122610890732,79.28,4,28162.0204173235,2,0.0523085891514352,9819
20.5022831050228,15,29,70.464904284412,0.339914172376487,81.99,4,46623.751002758,1,0.085541759229966,9820
46.1187214611872,8,1,63.5369188696445,0.306737107825459,79.36,4,27372.9129741752,2,0.0502148785850208,9838
41.2785388127854,13,8,69.1431175934367,0.331980526505589,79.81,3,37862.9199927159,2,0.188871235049903,9840
76.8949771689498,9,1,81.8140382862352,0.158882798413271,77.09,7,17287.2556177208,1,0.0020642750489768,9856
58.4018264840183,11,4,71.1030082041933,0.386073566534439,76.73,2,28473.7861502813,0,0.385350791346705,9858
22.9223744292237,22,8,97.7666362807658,0.370927515326361,87.34,4,31488.2478937029,1,0.0566174512939566,9861
33.8356164383562,15,0,67.0009115770283,0.430429859358096,79.92,6,18311.1920618673,2,0.0047923018675796,9864
16.5296803652968,16,5,85.5515041020967,0.271396321673278,78.37,2,38564.129227285,2,0.522405012067274,9866
24.2922374429224,14,0,67.5478577939836,0.257332131265777,76.75,4,31278.3864504925,0,0.058088147653132,9889
50.4109589041096,13,9,68.4594348222425,0.421053732419762,79.42,7,26424.9508350846,2,0.00212389414099217,9890
67.0319634703196,12,8,53.0537830446673,0.590184637576631,76.99,7,21681.6612670211,2,0.00194506919931368,9894
54.5205479452055,9,3,72.4247948951687,0.315752614496934,80.37,1,39338.0906903955,0,1.45138366021503,9896
32.5570776255708,12,5,63.9015496809481,0.353617742517129,77.34,5,17417.2482375906,2,0.0112049590659801,9900
77.8538812785388,4,2,49.6353691886965,0.347487197980527,83.5,2,17182.4727749403,1,0.232539481970194,9901
5.20547945205479,20,1,67.7301731996354,0.199632888568337,78.37,6,38472.6989638762,2,0.00967034017568106,9903
41.9178082191781,16,9,72.151321786691,0.350011539848539,81.86,2,37236.7491118675,1,0.504761267249789,9905
43.7899543378995,9,6,73.6098450319052,0.384270465200144,78.75,4,34481.225822636,1,0.0630918377325202,9906
53.5616438356164,9,10,41.2032816773018,0.683945906959971,80.25,2,26064.9318938155,2,0.352325723733601,9912
57.945205479452,15,2,80.6289881494986,0.341356653443924,77.76,7,39274.9908549468,1,0.00370652232360002,9913
20.8675799086758,19,4,54.5578851412944,0.469376848178867,79.58,1,36512.1429761624,1,1.32920921097437,9915
27.5799086757991,17,1,69.3710118505014,0.337389830508475,80.44,2,15883.2995802048,2,0.214957084741899,9918
28.5844748858447,16,1,47.9945305378305,0.658702488279841,80.82,2,25824.9539278389,1,0.349502745439655,9919
41.689497716895,9,1,57.9762989972653,0.385352326000721,80.48,4,42176.9222862854,1,0.0779064153544415,9920
18.3561643835616,20,3,65.2689152233364,0.412038225748287,80.43,3,12598.3641491423,1,0.0627235617216595,9924
58.4474885844749,11,2,70.4193254329991,0.294115398485395,81.09,7,40360.2154058748,3,0.00349145051029636,9925
30.0913242009132,16,5,60.0273473108478,0.245792282726289,83.85,6,35260.1353651899,2,0.00863651527298157,9930
37.3059360730594,17,11,60.0273473108478,0.409513883880274,80.01,2,36490.5371102771,2,0.488383082664174,9936
39.1324200913242,10,6,57.4749316317229,0.304573386224305,79.31,7,23734.7847192605,2,0.00228033728226571,9939
71.7808219178082,10,2,56.7000911577028,0.572514244500541,83.56,7,24997.8752590926,2,0.00230284346998378,9945
17.7168949771689,20,18,54.8313582497721,0.315752614496934,78.95,4,30448.4700050566,2,0.0561870785595682,9947
64.0182648401826,13,5,52.5979945305378,0.456394518571944,81.43,5,44888.1730165217,2,0.0303417057566337,9948