Safety_Score,Days_Since_Inspection,Total_Safety_Complaints,Control_Metric,Turbulence_In_gforces,Cabin_Temperature,Accident_Type_Code,Max_Elevation,Violations,Adverse_Weather_Metric,Accident_ID
44.5205479452055,12,7,56.7912488605287,0.405907681211684,82.34,7,31722.418043562,1,0.00255080018652134,11241
20.8675799086758,19,0,71.1941659070192,0.283296790479625,79.07,3,32039.8851127242,2,0.15886077695487,11250
44.0182648401826,8,3,72.151321786691,0.258413992066354,82.45,4,32183.3988569363,2,0.0594746775142749,11251
40.1369863013699,13,4,52.0966271649954,0.538976559682654,79.53,6,16144.1937601826,2,0.00376153914630119,11254
16.1643835616438,17,13,71.3764813126709,0.258053371799495,77.75,4,47749.6542219789,2,0.088524033837248,11260
7.76255707762557,19,13,58.8422971741112,0.417086909484313,76.66,4,37241.4014656805,1,0.0688120785579381,11261
35.7534246575342,14,8,58.3865086599818,0.505438874864767,77.5,3,39380.2913549638,2,0.194113958238397,11263
1.41552511415525,21,8,62.7164995442115,0.251922827262892,83.73,7,30477.3190817566,2,0.00258837392492493,11267
39.2694063926941,13,6,64.6763901549681,0.31358889289578,76.49,6,32520.0113729357,0,0.00781118094172816,11270
54.6575342465753,9,7,74.0200546946217,0.178356292823656,77.91,3,43136.2535286232,3,0.217024047581729,11272
36.027397260274,14,4,52.4156791248861,0.393285971871619,79.97,2,28044.2954629533,1,0.382453188083348,11275
54.6575342465753,9,7,61.485870556062,0.330898665705012,77.16,7,38745.5763009153,2,0.00366102100604195,11276
48.6301369863014,17,2,68.6873290793072,0.404465200144248,79.81,7,24370.2265407342,4,0.00221747457417748,11280
42.283105022831,16,28,88.8787602552416,0.21297583844212,75.25,2,13214.8518929535,5,0.196496571351588,11282
37.4429223744292,17,1,73.1996353691887,0.316113234763794,80.27,2,27478.4645587431,3,0.372425424131458,11287
55.8447488584475,8,11,77.5296262534184,0.334865488640461,82.88,7,29115.931734689,2,0.00258767024506275,11289
27.3972602739726,20,6,66.2716499544212,0.368403173458348,80.72,4,33896.0232636711,2,0.062471887902611,11291
26.3926940639269,13,12,57.0647219690064,0.46865560764515,79.1,4,40597.8624293157,4,0.0741546115614829,11293
34.0639269406393,11,1,50.6836827711942,0.527076090876307,81.8,4,45332.3027606441,2,0.0838515457532471,11297
42.5114155251142,12,4,76.0711030082042,0.283296790479625,80.96,4,22597.0959547712,1,0.0410652170848676,11301
39.4520547945205,13,5,40.2917046490429,0.454591417237649,77.46,4,21673.9825464833,2,0.039655280345073,11308
34.3835616438356,11,9,73.1084776663628,0.317916336098088,77.69,4,31227.8825232193,1,0.0568993839144786,11309
34.9315068493151,14,5,72.3792160437557,0.413480706815723,76.79,1,41633.6539554493,2,1.54658153040591,11310
15.2054794520548,21,3,84.8678213309025,0.371648755860079,80.14,2,54429.8119084636,1,0.77780180254329,11311
33.4246575342466,15,6,63.6736554238833,0.460000721240533,77.78,7,11882.6009376622,3,0.00112346443655095,11312
51.0045662100457,10,15,70.6927985414767,0.392204111071042,77.82,6,35851.210781326,2,0.00892827044876468,11315
27.3972602739726,20,1,70.7383773928897,0.526354850342589,78.76,6,25352.4546389027,2,0.00583587046304486,11317
50.0913242009132,10,1,49.0884229717411,0.42898737829066,83.22,3,44279.1539847248,2,0.221481272569922,11326
40.2739726027397,10,1,66.5907019143118,0.334144248106743,77.76,4,24317.5614601505,3,0.0449289157473636,11334
46.027397260274,8,3,69.0063810391978,0.306737107825459,79.51,4,37678.0134576201,3,0.0697482164177026,11337
36.4383561643836,11,13,74.7037374658159,0.369124413992066,79.33,6,34804.2208097873,2,0.00831329091991792,11339
54.8858447488584,12,1,50.9571558796719,0.768691669671836,76.63,2,32349.2953783122,3,0.439042374653745,11346
57.1232876712329,15,0,67.6390154968095,0.507602596465921,76.02,5,27070.5380319051,2,0.0183426417789464,11347
32.8767123287671,15,0,60.1640838650866,0.434396682293545,82.45,7,34431.9183697929,2,0.00321413669890381,11348
44.703196347032,8,0,52.5979945305378,0.396892174540209,82.56,4,33718.2786869177,2,0.0618975217848126,11352
49.4520547945205,14,7,59.9817684594348,0.352175261449693,80.39,5,17731.5542769187,2,0.00985436488531033,11357
45.5251141552511,8,11,66.3172288058341,0.456394518571944,84.2,3,36384.8862884969,2,0.181149682120235,11360
70.3196347031963,11,3,79.7174111212398,0.235334294987378,78.64,2,8232.84365471706,3,0.122686904109192,11368
29.5433789954338,20,12,63.9015496809481,0.334504868373603,79.17,7,36290.2303566085,2,0.0029749987375546,11396
29.9543378995434,16,12,68.5050136736554,0.255168409664623,81.99,6,41861.1163673603,2,0.00986079867568313,11405
44.337899543379,8,20,60.2096627164996,0.427905517490083,78.56,6,18887.3161579666,0,0.0047923018675796,11411
43.013698630137,16,0,69.7812215132179,0.324046880634692,76.36,3,19100.8703857173,3,0.0947045760499578,11412
50.5936073059361,13,22,72.8350045578852,0.406268301478543,76.21,2,23642.1995766982,2,0.318991757762705,11414
52.4657534246575,13,0,43.6645396536007,0.707386224305806,76.92,5,37308.5865884339,4,0.0242272154503316,11417
82.7853881278539,7,0,68.7329079307201,0.254086548864046,77.18,6,36086.8999557426,1,0.00873794417837618,11421
25.2511415525114,17,0,82.9990884229718,0.337750450775333,78.92,3,26274.6928894615,1,0.130772545735495,11424
40.3196347031963,13,13,63.3546034639927,0.460000721240533,76.4,7,50314.7204576381,2,0.00460286344892508,11428
29.4063926940639,16,19,82.3609845031905,0.462885683375405,86.43,6,26403.0677360646,1,0.00686081877193683,11436
44.703196347032,8,3,54.2844120328168,0.384270465200144,79.66,4,38286.9508972876,1,0.0701249966785418,11438
43.4703196347032,12,2,56.8824065633546,0.47190119004688,79.79,6,45002.0079321222,3,0.0118893207829262,11439
30.3196347031963,12,5,53.2360984503191,0.563138117562207,77.68,1,31571.3496204891,2,1.16365904523149,11449
42.7853881278539,9,10,57.6116681859617,0.727941579516768,76.63,7,15560.247426871,3,0.00145979657343352,11454
50.9132420091324,10,1,52.4156791248861,0.396892174540209,79.62,3,12320.2835343692,1,0.0578625828464421,11456
61.4155251141552,14,0,56.1531449407475,0.560253155427335,76.33,2,31075.0293884329,3,0.420554790386963,11458
50.5936073059361,13,31,71.1485870556062,0.278608727010458,80.09,5,45576.0143420346,2,0.0298117966425456,11460
38.4474885844749,17,10,62.1239744758432,0.362993869455463,79.23,2,32230.500067409,2,0.437152374319489,11461
34.8401826484018,15,6,37.8304466727438,0.605691309051569,80.98,2,25662.0840183609,2,0.347298540906663,11467
33.1050228310502,15,3,51.640838650866,0.393646592138478,81.43,1,17712.9698025224,2,0.65511014674204,11468
27.3972602739726,17,8,68.7784867821331,0.399777136675081,83,7,45769.7818318359,2,0.00411553348553787,11480
68.6301369863014,8,2,75.38742023701,0.354699603317706,80.67,2,33976.4553144446,1,0.46024803731341,11485
44.0639269406393,12,7,79.7629899726527,0.307818968626037,79.62,4,55177.5258411715,1,0.101396030604544,11486
20.4109589041096,19,7,56.7912488605287,0.231728092318788,78.05,3,20973.1227344913,1,0.104480971331577,11491
35.4794520547945,17,17,52.2333637192343,0.422496213487198,78.24,2,42575.846827258,3,0.576638955270359,11498
62.1917808219178,10,20,58.7511394712853,0.507602596465921,77.91,5,38382.6155037246,1,0.0255483947214612,11501
38.310502283105,20,22,57.5205104831358,0.404104579877389,76.86,7,40394.1445253745,2,0.00350125038929014,11502
4.79452054794521,20,1,60.0273473108478,0.330538045438154,81.15,6,26059.560509835,2,0.00652784933163401,11506
44.5662100456621,8,7,62.1695533272562,0.356142084385142,83.51,4,31974.0624100752,2,0.0594746775142749,11521
18.0365296803653,16,6,62.8988149498633,0.491374684457266,77.48,4,31066.0109975618,1,0.0572107838399182,11523
38.310502283105,14,22,56.9279854147676,0.508323836999639,86.43,2,44363.1891191291,3,0.59741302238325,11524
36.986301369863,10,8,74.0656335460346,0.213697078975838,80.2,4,33833.4845894326,1,0.06196818860876,11529
46.8949771689498,14,2,67.4567000911577,0.397613415073927,81.43,2,26158.0508321166,4,0.355282942083275,11532
25.8447488584475,14,1,65.587967183227,0.369845654525784,80.42,4,45972.6225379351,3,0.0842708200139386,11542
39.1324200913242,13,10,58.8422971741112,0.293033537684818,77.16,4,36898.9211538341,2,0.0670381602224939,11555
68.4018264840182,8,4,56.0164083865087,0.603888207717274,82.71,2,35695.8118180726,2,0.483069686878617,11559
55.3424657534247,9,21,79.8541476754786,0.19133862243058,82.64,4,33256.4562028782,2,0.0612243728033003,11563
65.7077625570776,12,7,63.5369188696445,0.290509195816805,80.02,5,30653.9244031523,4,0.0195855691124162,11566
68.4018264840182,8,1,40.3372835004558,0.473704291381176,76.12,2,44821.4006674425,1,0.606591695439003,11572
43.972602739726,12,8,69.8723792160438,0.280411828344753,75.13,3,43364.8414997352,2,0.214459662495685,11575
22.1917808219178,15,2,39.7903372835005,0.687191489361702,78.99,1,36597.9702560012,1,1.36552797216704,11577
54.0639269406393,12,12,56.7912488605287,0.412038225748287,81.45,2,37411.153141132,3,0.505802785572527,11579
4.29223744292237,20,9,73.2907930720146,0.223433826181031,78.37,6,24801.7379750678,1,0.00639989055422279,11581
22.1917808219178,15,27,63.9015496809481,0.246513523260007,82.14,1,24854.1018365485,4,0.932316164450199,11591
14.4748858447489,17,5,52.3245214220602,0.37489433826181,77.36,7,31647.884323696,3,0.00290078660817579,11594
31.8264840182648,12,5,69.5077484047402,0.225958168049044,78.86,2,42416.2704287528,1,0.57343804297709,11598
27.5342465753425,20,3,71.1030082041933,0.54763144608727,78.25,4,39215.0592883377,1,0.0720532143220995,11599
43.6529680365297,12,14,62.0328167730173,0.322965019834114,78.52,1,27059.9484729937,4,0.992892435251542,11601
30.4109589041096,12,1,78.1221513217867,0.390401009736747,76.02,1,55683.7444753324,3,2.1761498796845,11602
43.5616438356164,12,1,57.5205104831358,0.530321673278038,77.19,3,31051.2779663587,2,0.154895229220007,11603
68.4931506849315,11,1,64.2661804922516,0.204320952037505,78.63,7,26727.9540994319,1,0.00253163963344349,11610
30.9132420091324,12,0,67.5934366453965,0.242907320591417,86.13,4,16266.691988809,2,0.0299661504225882,11611
50.958904109589,10,10,87.693710118505,0.221270104579877,79.77,3,36676.100600582,1,0.182958864917738,11614
28.8127853881279,16,8,63.3090246125798,0.59415146051208,79.03,3,21681.6612670211,3,0.108435417579846,11621
38.7671232876712,14,12,58.8422971741112,0.610018752253877,77.39,6,47156.9384261401,3,0.0117567892943136,11625
48.310502283105,10,4,85.8705560619873,0.2923122971511,83.38,6,16271.0608157105,3,0.00412461905272143,11632
34.337899543379,11,3,88.2406563354604,0.293754778218536,83.28,3,27037.416414391,2,0.134002354033588,11633
74.703196347032,5,3,56.7000911577028,0.557007573025604,81.08,6,36297.4081004407,3,0.0087503462811473,11639
44.4292237442922,15,2,54.876937101185,0.286902993148215,81.05,2,33608.5561174855,1,0.456408005653463,11643
12.4657534246575,18,9,73.3363719234275,0.285821132347638,80.83,5,32850.2820042211,3,0.0214505158063771,11647
23.1506849315068,15,4,80.4922515952598,0.240382978723404,79.34,1,36467.4242409076,1,1.32780561980098,11648
42.5114155251142,16,4,65.1321786690975,0.321883159033537,85.22,1,22318.1217237451,1,0.821132663396067,11650
45.296803652968,11,0,62.1695533272562,0.23461305445366,81.18,3,35676.5984922147,2,0.177215690226313,11657
31.689497716895,15,11,58.1130355515041,0.366600072124053,78.85,7,28593.5315387977,3,0.00288440827898333,11662
13.6986301369863,17,5,62.6709206927985,0.585496574107465,81.3,4,31397.9733919912,1,0.0574136583741536,11667
39.3607305936073,10,2,62.5341841385597,0.35686332491886,77.82,4,36281.1594419216,3,0.0658927127051911,11681
4.79452054794521,20,5,68.4594348222425,0.197108546700325,78.52,6,21890.5709145531,2,0.0056033729569485,11687
45.662100456621,15,2,72.926162260711,0.237858636855391,79.27,6,28767.4921370382,3,0.00751256671759443,11691
39.3150684931507,13,2,64.1750227894257,0.457115759105661,79.17,4,32908.2936804925,1,0.0599545335214721,11707
76.986301369863,6,11,69.4165907019143,0.388597908402452,77.1,2,41597.9304343148,1,0.56296676973849,11708
55.7990867579909,15,4,67.4111212397448,0.31034331049405,82.09,2,15436.0409904283,2,0.22104033381928,11722
21.2328767123288,15,3,62.1695533272562,0.314670753696357,81.49,3,19165.5533399981,3,0.094498941880859,11726
33.4246575342466,11,1,67.4111212397448,0.368042553191489,81.86,4,43072.4817444043,0,0.0790283218204027,11729
38.9041095890411,10,0,51.8231540565178,0.640310854670032,79.58,3,32211.9572721497,3,0.160821287549669,11735
43.607305936073,12,1,62.6709206927985,0.425020555355211,89.99,6,24421.6576824513,2,0.00609428775687228,11739
61.324200913242,10,1,63.6736554238833,0.48993220338983,78.91,7,17307.8602771898,1,0.00205980454053262,11741
69.4520547945205,8,1,55.9252506836828,0.335226108907321,81.93,2,30028.2840811135,3,0.406933961928359,11748
58.4474885844749,11,8,76.8915223336372,0.381746123332131,80.12,6,29922.9354047502,2,0.007265459411322,11749
37.7168949771689,14,16,59.0701914311759,0.300606563288856,79.49,6,28183.3231299795,3,0.00652784933163401,11757
5.20547945205479,20,4,74.1567912488605,0.316113234763794,87.11,2,30206.1645673772,2,0.411684928045418,11758
40.6392694063927,13,3,51.2762078395624,0.462885683375405,75.97,3,13644.8044450334,3,0.0653943422597568,11765
43.1963470319635,15,1,49.8176845943483,0.470819329246303,80.59,3,42768.509481535,4,0.212128116168527,11766
48.8584474885845,17,0,64.9042844120328,0.345684096646231,81.92,5,43482.8520757632,2,0.0295882262366942,11770
40.4109589041096,13,12,40.0638103919782,0.51878182473855,79.14,1,34325.6150767811,2,1.26614236302339,11772
43.972602739726,12,20,54.7402005469462,0.391482870537324,78.29,6,37429.1532436738,2,0.00861070374879613,11778
11.1415525114155,18,0,75.6608933454877,0.201435989902632,77.64,4,41573.9651981208,2,0.0758160751129294,11786
56.9406392694064,12,10,73.9288969917958,0.40374395961053,79.27,7,28559.6591388298,1,0.00269354190281644,11789
40.958904109589,16,8,80.4466727438469,0.30313090515687,78.46,2,37038.5414452765,2,0.499845233093124,11797
50.1826484018265,13,5,84.1385597082954,0.295197259285972,81.24,7,33941.903054487,3,0.00311936075575471,11800
14.8858447488584,21,3,63.7648131267092,0.492095924990984,77.66,3,28475.829142128,2,0.1427836659341,11804
45.2054794520548,11,2,67.0920692798541,0.413120086548864,80.24,6,32471.8667825378,2,0.00767279670465018,11810
17.7168949771689,16,1,53.4639927073838,0.395449693472773,77.17,4,26238.3376242275,2,0.048034953935012,11842
18.1735159817352,16,1,69.1431175934367,0.407710782545979,82.25,4,25829.3853916475,2,0.0473518699492426,11843
53.1963470319635,16,0,72.2880583409298,0.482359177785791,82.89,7,25667.6530718603,4,0.00229126092821169,11847
47.0319634703196,14,6,83.8650865998177,0.291951676884241,79.99,2,45434.1756769151,2,0.612998871089524,11848
33.1050228310502,15,12,71.9690063810392,0.324046880634692,76.76,6,32338.7123997491,3,0.00798380661355292,11849
41.5068493150685,16,6,73.3363719234275,0.342799134511359,83.99,1,32896.9593523965,4,1.20007888136323,11850
1.41552511415525,21,0,67.4111212397448,0.427184276956365,80.86,2,35962.4219910256,0,0.485968993616324,11876
51.1872146118721,10,11,78.9881494986326,0.287984853948792,76.87,6,29664.8117944913,2,0.00722474159604237,11879
19.6803652968037,15,5,60.8021877848678,0.40735016227912,77.48,1,35522.8141162109,2,1.30833972726219,11882
50.7762557077626,10,7,81.2215132178669,0.254447169130905,78.75,3,33778.458623462,2,0.167563588643247,11890
55.9817351598173,12,12,63.6736554238833,0.225236927515326,77.69,2,31503.4535809663,1,0.426934615801289,11894
56.8036529680365,11,1,82.6800364630811,0.184486837360259,81.83,1,31529.7623234607,4,1.16322851754797,11897
51.2785388127854,10,9,67.0920692798541,0.417086909484313,77.4,4,28023.7473995638,1,0.0520188167068185,11900
12.1004566210046,18,4,59.0701914311759,0.377418680129823,76.8,4,21448.4685538939,1,0.0392842404749492,11904
69.634703196347,8,4,58.3409298085688,0.463967544175982,83.21,2,33369.6668406516,3,0.451609331339098,11913
33.1050228310502,15,3,55.4238833181404,0.37128813559322,85.97,7,41724.5687249952,2,0.00395436169027385,11933
28.9041095890411,13,0,39.7447584320875,0.539697800216372,79.53,2,42736.9665392224,3,0.576823927713424,11943
20.0456621004566,19,30,75.2506836827712,0.428626758023801,81.82,2,17339.5258978142,2,0.232539481970194,11944
31.5981735159817,15,12,61.5770282588879,0.570350522899387,79.06,6,25824.6274374023,3,0.00592959349399768,11949
46.6666666666667,7,3,75.7064721969006,0.244349801658853,78.47,4,37085.8747636847,2,0.0675585123833132,11952
76.027397260274,9,9,65.1321786690975,0.24543166245943,79.17,7,30653.9244031523,2,0.00281938218356537,11957
46.8949771689498,11,1,52.5524156791249,0.392564731337901,80.55,3,21268.8395478725,2,0.105749230122737,11960
59.2694063926941,14,4,68.9608021877849,0.200354129102055,87.72,7,30043.7911297499,2,0.00269354190281644,11975
65.296803652968,1,1,36.7821330902462,0.563138117562207,79.62,4,32628.399491092,1,0.0605866107345607,11978
58.1278538812785,11,5,84.0018231540565,0.346405337179949,79.12,3,54110.277505056,1,0.264749960840887,11983
48.4474885844749,10,6,62.7620783956244,0.286181752614497,79.51,6,18411.0289640045,3,0.00457128973237853,11990
54.7945205479452,12,1,61.0756608933455,0.412038225748287,79.08,5,29213.8409826863,1,0.0207345208394655,12002
46.986301369863,11,1,57.6116681859617,0.470458708979445,82.34,3,26603.6943333191,1,0.132616661769745,12004
62.6940639269406,6,20,58.1130355515041,0.564219978362784,83.6,3,23099.2468389868,3,0.115148815425775,12011
58.9954337899543,14,7,62.7164995442115,0.330898665705012,79.6,1,31268.3684717619,3,1.14214380855523,12016
58.8584474885845,11,6,49.6353691886965,0.420332491886044,82.01,7,48569.5562852462,2,0.00478556767879334,12020
57.4885844748858,11,9,70.4193254329991,0.424299314821493,82.92,2,45300.0270165971,1,0.617744870168884,12023
72.8767123287671,7,8,64.9954421148587,0.225958168049044,75.84,2,35067.7050829379,1,0.475322665637944,12024
28.9497716894977,13,0,39.7447584320875,0.553401370357014,81.74,4,36240.4378835205,1,0.0658674734751897,12025
27.1232876712329,13,2,70.1914311759344,0.358305805986296,77.87,4,36539.8993329714,2,0.0677821045621251,12045
47.0319634703196,14,6,80.4466727438469,0.396892174540209,78.89,2,29261.0780689291,2,0.396597669651901,12051
27.945205479452,13,0,97.6754785779398,0.172946988820772,79.85,4,38002.0354296264,2,0.0691843136690765,12054
22.7397260273973,15,2,69.0975387420237,0.407710782545979,79.12,6,37773.3553764435,1,0.00994702906462167,12055
65.9817351598173,5,12,52.6891522333637,0.322604399567255,76.65,3,24451.819618031,0,0.122498421064204,12060
42.8767123287671,12,14,77.8030993618961,0.427544897223224,76.93,6,43188.458698422,2,0.0105823276581405,12065
22.9223744292237,14,1,59.7994530537831,0.377418680129823,83.57,4,33551.9758348096,2,0.0609647807572276,12068
37.8082191780822,14,4,69.8268003646308,0.357223945185719,78.97,3,24508.1918114765,2,0.12209492649413,12069
80.4566210045662,8,11,56.8368277119417,0.502914532996754,76.41,7,53739.5291225594,1,0.00494968496953161,12070
34.1095890410959,18,1,47.2196900638104,0.504717634331049,87.11,4,34210.2043624715,2,0.062471887902611,12072
42.8767123287671,12,10,70.1458523245214,0.41095636494771,77.53,3,24548.4321880672,2,0.121366162400479,12079
34.7488584474886,14,22,71.0574293527803,0.224876307248467,80.36,6,19271.92218715,4,0.00443320081094456,12080
41.8264840182648,12,3,66.4539653600729,0.329456184637577,78.69,3,30464.2328578244,3,0.152337945102486,12086
57.2602739726027,8,5,73.2907930720146,0.352175261449693,79.36,6,43375.3828506641,1,0.0109841088913092,12096
27.8538812785388,17,1,57.2926162260711,0.439805986296429,79.03,6,24865.1960841046,3,0.00618181941454122,12105
36.4383561643836,14,6,71.6955332725615,0.326931842769563,81.7,3,38783.2524015665,2,0.193047058646099,12106
33.1050228310502,15,2,73.4275296262534,0.421053732419762,79.31,3,26433.2861366269,1,0.131453133849679,12107
73.5159817351598,10,1,53.6463081130356,0.32080129823296,77.98,7,34748.4877263288,3,0.00324279496714561,12121
52.283105022831,16,7,53.3728350045579,0.710992426974395,79.61,7,36159.9008773321,2,0.00311936075575471,12125
11.8721461187215,18,21,54.7857793983592,0.404104579877389,78.02,4,52614.2874326368,3,0.0938239413262039,12133
52.7397260273972,13,3,60.0273473108478,0.368763793725207,82.49,2,57329.6806139297,2,0.79816489732788,12134
21.2785388127854,15,1,72.8350045578852,0.259135232600072,75.84,4,42535.4615406625,4,0.0775419698101819,12150
60.5479452054795,10,19,60.4831358249772,0.441969707897583,78.52,3,36742.4965923887,3,0.183423033462332,12152
56.027397260274,12,18,58.0674567000912,0.388237288135593,79.42,5,33095.9115787169,2,0.0223033361226062,12163
24.4292237442922,14,12,80.4466727438469,0.375976199062387,89.19,4,49095.2502059493,4,0.0915074626693022,12173
64.2009132420091,13,13,67.0009115770283,0.311064551027768,77.51,6,44263.0435073702,3,0.0109841088913092,12186
43.972602739726,12,3,53.2360984503191,0.563138117562207,79.01,3,35380.6350123692,2,0.175319533122878,12188
37.3972602739726,17,16,71.330902461258,0.27788748647674,77.86,3,36662.2802611695,3,0.182958864917738,12191
36.62100456621,10,10,61.4402917046491,0.352535881716553,76.79,4,47147.8297247954,3,0.08632702221355,12193
46.4383561643836,15,4,85.1868732907931,0.301327803822575,80.33,2,29977.2949272162,3,0.405598313032733,12196
51.6438356164384,13,13,58.97903372835,0.323686260367832,76.95,3,19949.517832695,0,0.0977072229361203,12198
37.4429223744292,14,1,52.9170464904284,0.334865488640461,81.05,2,33594.3885373193,1,0.456771632508646,12222
54.4748858447489,12,1,73.0173199635369,0.268150739271547,81.61,2,41247.2138694394,1,0.559862119728008,12224
12.3744292237443,18,3,59.0701914311759,0.424299314821493,76.8,1,37446.7898811451,2,1.38064271264044,12225
52.2374429223744,13,1,44.7584320875114,0.502914532996754,76.92,6,23381.5905153679,1,0.005098132215622,12229
54.7945205479452,12,1,61.0756608933455,0.430429859358096,77.18,7,39820.4192512397,3,0.0034477026932488,12234
29.1780821917808,13,1,81.175934366454,0.237137396321673,83.29,7,32693.5776946736,1,0.00332774857972545,12235
28.2648401826484,13,12,56.2898814949863,0.416365668950595,85.87,2,40840.646356118,3,0.551419592392081,12236
31.7351598173516,12,17,54.922515952598,0.479474215650919,78.32,4,44914.3691492549,1,0.082036560492673,12246
37.6712328767123,14,2,74.7493163172288,0.361551388388027,83.01,4,31959.5060139597,3,0.0592921596021897,12250
9.49771689497717,19,15,49.5897903372835,0.445936530833032,81.14,3,25239.6627058985,2,0.125021178178663,12263
46.8493150684931,14,2,65.0865998176846,0.502914532996754,81.43,5,25740.8803418544,2,0.0175472880383291,12264
41.1872146118721,9,1,69.5077484047402,0.42177497295348,82.03,4,30752.093089438,3,0.0570564224912886,12269
55.5251141552511,8,1,47.9489516864175,0.680339704291381,77.68,3,39820.4192512397,1,0.199589398231174,12277
55.0228310502283,15,2,80.8568824065634,0.312507032095204,77.26,4,45783.5276614128,4,0.0830454489098009,12292
38.8127853881278,13,30,64.8131267092069,0.551598269022719,85.09,6,33228.4621335803,2,0.0082521314597267,12310
40.8219178082192,9,2,89.1066545123063,0.275363144608727,81.24,1,26572.9666742821,0,0.978578768073676,12318
44.9315068493151,18,1,56.7456700091158,0.572514244500541,81.79,5,42065.3824301481,0,0.0286321409870276,12329
60.1369863013699,10,1,62.6253418413856,0.427905517490083,76.67,5,33435.8541733318,2,0.0224161065100833,12332
40.1826484018265,16,7,75.2506836827712,0.251922827262892,78.08,1,21259.7296655558,1,0.780971853702242,12340
40.1826484018265,10,0,64.2206016408387,0.204320952037505,79.85,4,39996.5548245716,2,0.0723885206448047,12346
19.1780821917808,21,3,63.7648131267092,0.401940858276235,79.58,4,22348.3081416156,2,0.0410817263620191,12353
14.1552511415525,17,1,62.6709206927985,0.491014064190407,81.3,1,21441.7533147781,1,0.788798022717649,12354
50.2739726027397,17,0,43.0720145852325,0.447379011900469,79.56,7,17307.8602771898,3,0.00183349648305157,12356
44.2009132420091,19,0,65.587967183227,0.344962856112513,77.27,3,33945.4313005177,4,0.167541354018373,12366
39.4520547945205,10,1,74.0200546946217,0.178356292823656,79.17,4,40028.3261414048,0,0.0728604655906755,12367
58.8584474885845,14,6,57.1558796718323,0.382827984132708,79.61,4,6543.68933703962,2,0.00727331278339437,12378
47.0319634703196,14,8,80.0820419325433,0.199632888568337,83.41,2,41343.0429156388,3,0.559006907847623,12389
37.3059360730594,14,11,57.5205104831358,0.440887847097007,85.91,6,29640.2094341724,5,0.00720792803495963,12390
50.7762557077626,13,0,72.971741112124,0.363715109989181,84.46,2,20120.8189568361,2,0.270944893610654,12402
47.8995433789954,14,19,74.9772105742936,0.325849981968986,83.56,3,34924.7418304277,1,0.174810006625748,12406
33.7899543378995,11,2,73.4731084776664,0.225958168049044,81.74,5,24926.7672088726,2,0.0176558251102843,12412
31.2328767123288,12,2,62.7164995442115,0.317555715831229,78.66,4,27761.9538583697,1,0.0508812298099397,12413
78.4474885844749,9,30,45.897903372835,0.721450414713307,81.08,7,51246.6408542622,2,0.00493421862080108,12415
22.3287671232877,15,14,62.8532360984503,0.444854670032455,81.21,1,22087.4860136636,2,0.817157424815579,12420
60.4566210045662,7,33,51.0027347310848,0.538976559682654,80.98,6,32473.8642120236,2,0.00790084165239737,12423
41.1872146118721,13,2,90.154968094804,0.328734944103858,83.82,6,35862.1682875726,1,0.00892827044876468,12432
14.4748858447489,17,2,60.2096627164996,0.244349801658853,75.34,4,35067.7050829379,2,0.0644470101331862,12433
43.7899543378995,8,5,61.2579762989973,0.485244139920663,78.64,4,19488.0055234635,2,0.036387678224156,12435
15.7534246575342,20,4,82.2242479489517,0.371648755860079,78.92,4,22172.6983509275,2,0.0402197748879124,12436
17.5799086757991,16,2,62.1239744758432,0.477671114316625,83.65,4,52319.1662876134,1,0.0938239413262039,12437
18.7214611872146,19,0,59.1613491340018,0.639589614136314,78.46,4,40580.037740715,0,0.0735227854053321,12438
64.6118721461187,6,5,58.20419325433,0.526354850342589,87.47,3,22753.2773234342,3,0.112813799421976,12442
26.7123287671233,14,1,60.4831358249772,0.298082221420844,82.53,3,22838.3126825352,2,0.113058050628457,12444
33.972602739726,15,1,68.3226982680037,0.258774612333213,78.4,3,28270.7766417341,1,0.141031133810539,12446
37.5342465753425,10,4,52.5979945305378,0.456033898305084,79.39,4,32253.3806018104,1,0.0583398233039638,12461
57.2602739726027,12,7,65.2233363719235,0.458918860439956,80.12,2,37581.5714856955,2,0.506902920654004,12473
36.4383561643836,10,13,74.7037374658159,0.456033898305084,81.01,1,36447.9802613634,2,1.34219324869291,12474
63.3333333333333,9,0,65.4968094804011,0.511208799134511,78.78,1,41139.7992021811,2,1.51857531923111,12476
68.1278538812785,8,11,49.6809480401094,0.470819329246303,77.8,2,48251.5866215288,2,0.659387127544305,12484
54.8401826484018,9,9,71.1941659070192,0.417086909484313,79.77,6,20761.9844156144,1,0.00500979728337652,12487
36.7123287671233,14,10,91.2032816773017,0.31394951316264,83.96,6,36676.100600582,2,0.00862895390091162,12488
38.7214611872146,13,14,73.1540565177758,0.275002524341868,77.38,6,24211.3595104184,1,0.00624651726327305,12491
36.0730593607306,11,1,60.665451230629,0.2562502704652,84.56,5,35920.1462391505,0,0.0244090469441248,12493